user_id,photo_id,created_at,, serial_id,username,likes by each person,likes in each pics,,
2,1,1/4/2023 18:55,,1,Darby_Herzog,0,8,,
2,4,1/4/2023 18:55,,2,Emilio_Bernier52,93,8,,
2,8,1/4/2023 18:55,,3,Elenor88,79,7,,
2,9,1/4/2023 18:55,,4,Nicole71,93,11,,
2,10,1/4/2023 18:55,,5,Jordyn.Jacobson2,257,7,,
2,11,1/4/2023 18:55,,6,Nia_Haag,82,6,,
2,12,1/4/2023 18:55,,7,Rafael.Hickle2,0,9,,
2,13,1/4/2023 18:55,,8,Aurelie71,79,5,,
2,15,1/4/2023 18:55,,9,Clint27,85,8,,
2,23,1/4/2023 18:55,,10,Bethany20,87,9,,
2,25,1/4/2023 18:55,,11,Josianne.Friesen,89,7,,
2,27,1/4/2023 18:55,,12,Kelsi26,77,6,,
2,30,1/4/2023 18:55,,13,Jaylan.Lakin,93,10,,
2,34,1/4/2023 18:55,,14,Gus93,257,8,,
2,36,1/4/2023 18:55,,15,Karley_Bosco,84,8,,
2,39,1/4/2023 18:55,,16,Granville_Kutch,103,7,,
2,41,1/4/2023 18:55,,17,Mike.Auer39,78,6,,
2,43,1/4/2023 18:55,,18,Frederik_Rice,82,6,,
2,45,1/4/2023 18:55,,19,Seth46,90,8,,
2,48,1/4/2023 18:55,,20,Pearl7,87,9,,
2,49,1/4/2023 18:55,,21,Malinda_Streich,104,8,,
2,50,1/4/2023 18:55,,22,Mckenna17,0,8,,
2,52,1/4/2023 18:55,,23,Janelle.Nikolaus81,0,7,,
2,53,1/4/2023 18:55,,24,Aracely.Johnston98,0,9,,
2,58,1/4/2023 18:55,,25,Yazmin_Mills95,0,9,,
2,62,1/4/2023 18:55,,26,Annalise.McKenzie16,0,7,,
2,65,1/4/2023 18:55,,27,Ollie_Ledner37,0,8,,
2,69,1/4/2023 18:55,,28,Presley_McClure,0,11,,
2,80,1/4/2023 18:55,,29,Arely_Bogan63,0,9,,
2,84,1/4/2023 18:55,,30,Dario77,0,9,,
2,86,1/4/2023 18:55,,31,Tabitha_Schamberger11,0,8,,
2,89,1/4/2023 18:55,,32,Peter.Stehr0,0,7,,
2,90,1/4/2023 18:55,,33,Gerard79,0,7,,
2,91,1/4/2023 18:55,,34,Irwin.Larson,0,4,,
2,92,1/4/2023 18:55,,35,Keenan.Schamberger60,0,6,,
2,99,1/4/2023 18:55,,36,Delpha.Kihn,0,9,,
2,101,1/4/2023 18:55,,37,Harrison.Beatty50,0,8,,
2,103,1/4/2023 18:55,,38,Jaime53,0,9,,
2,105,1/4/2023 18:55,,39,Jessyca_West,0,7,,
2,107,1/4/2023 18:55,,40,Leslie67,0,9,,
2,111,1/4/2023 18:55,,41,Kaley9,0,9,,
2,112,1/4/2023 18:55,,42,Aiyana_Hoeger,0,9,,
2,115,1/4/2023 18:55,,43,Adelle96,0,9,,
2,117,1/4/2023 18:55,,44,Tierra.Trantow,0,6,,
2,118,1/4/2023 18:55,,45,Billy52,0,10,,
2,119,1/4/2023 18:55,,46,Janet.Armstrong,0,7,,
2,126,1/4/2023 18:55,,47,Florence99,0,9,,
2,127,1/4/2023 18:55,,48,Colten.Harris76,0,8,,
2,128,1/4/2023 18:55,,49,Kathryn80,0,11,,
2,138,1/4/2023 18:55,,50,Jayson65,0,7,,
2,140,1/4/2023 18:55,,51,Cesar93,0,5,,
2,142,1/4/2023 18:55,,52,Odessa2,0,9,,
2,146,1/4/2023 18:55,,53,Morgan.Kassulke,0,8,,
2,154,1/4/2023 18:55,,54,Damon35,0,9,,
2,158,1/4/2023 18:55,,55,Katarina.Dibbert,0,10,,
2,161,1/4/2023 18:55,,56,Bartholome.Bernhard,0,7,,
2,162,1/4/2023 18:55,,57,Franco_Keebler64,0,10,,
2,165,1/4/2023 18:55,,58,Yvette.Gottlieb91,0,8,,
2,167,1/4/2023 18:55,,59,Aniya_Hackett,0,11,,
2,170,1/4/2023 18:55,,60,Alek_Watsica,0,7,,
2,171,1/4/2023 18:55,,61,Maya.Farrell,0,11,,
2,174,1/4/2023 18:55,,62,Kasandra_Homenick,0,8,,
2,176,1/4/2023 18:55,,63,Ressie_Stanton46,0,9,,
2,178,1/4/2023 18:55,,64,Duane60,0,10,,
2,183,1/4/2023 18:55,,65,Kenneth64,0,9,,
2,186,1/4/2023 18:55,,66,Zack_Kemmer93,0,9,,
2,187,1/4/2023 18:55,,67,Alysa22,0,10,,
2,189,1/4/2023 18:55,,68,Donald.Fritsch,0,7,,
2,191,1/4/2023 18:55,,69,Esther.Zulauf61,0,7,,
2,192,1/4/2023 18:55,,70,Dereck65,0,8,,
2,193,1/4/2023 18:55,,71,Rocio33,0,11,,
2,195,1/4/2023 18:55,,72,Eveline95,0,7,,
2,196,1/4/2023 18:55,,73,Hulda.Macejkovic,0,7,,
2,198,1/4/2023 18:55,,74,Imani_Nicolas17,0,7,,
2,199,1/4/2023 18:55,,75,Julien_Schmidt,0,10,,
2,201,1/4/2023 18:55,,76,David.Osinski47,0,9,,
2,202,1/4/2023 18:55,,77,Norbert_Carroll35,0,8,,
2,205,1/4/2023 18:55,,78,Jaclyn81,0,8,,
2,206,1/4/2023 18:55,,79,Linnea59,0,7,,
2,207,1/4/2023 18:55,,80,Tomas.Beatty93,0,8,,
2,209,1/4/2023 18:55,,81,Willie_Leuschke,0,9,,
2,210,1/4/2023 18:55,,82,Kenton_Kirlin,0,12,,
2,214,1/4/2023 18:55,,83,Harley_Lind18,0,10,,
2,220,1/4/2023 18:55,,84,Rick29,0,11,,
2,224,1/4/2023 18:55,,85,Esmeralda.Mraz57,0,6,,
2,227,1/4/2023 18:55,,86,Darwin29,0,8,,
2,230,1/4/2023 18:55,,87,Delfina_VonRueden68,0,9,,
2,232,1/4/2023 18:55,,88,Javonte83,0,6,,
2,234,1/4/2023 18:55,,89,Alexandro35,0,6,,
2,236,1/4/2023 18:55,,90,Lennie_Hartmann40,0,6,,
2,240,1/4/2023 18:55,,91,Sam52,0,8,,
2,241,1/4/2023 18:55,,92,Andre_Purdy85,0,6,,
2,246,1/4/2023 18:55,,93,Meggie_Doyle,0,8,,
2,247,1/4/2023 18:55,,94,Erick5,0,6,,
3,2,1/4/2023 18:55,,95,Mariano_Koch3,0,6,,
3,7,1/4/2023 18:55,,96,Maxwell.Halvorson,0,7,,
3,9,1/4/2023 18:55,,97,Hailee26,0,9,,
3,23,1/4/2023 18:55,,98,Milford_Gleichner42,0,9,,
3,26,1/4/2023 18:55,,99,Travon.Waters,0,6,,
3,28,1/4/2023 18:55,,100,Justina.Gaylord27,0,12,,
3,29,1/4/2023 18:55,,,,,,,
3,30,1/4/2023 18:55,,,,,,,
3,36,1/4/2023 18:55,,,,,,,
3,38,1/4/2023 18:55,,,,,,,
3,41,1/4/2023 18:55,,,,,,,
3,49,1/4/2023 18:55,,,,,,,
3,52,1/4/2023 18:55,,,,,,,
3,54,1/4/2023 18:55,,,,,,,
3,56,1/4/2023 18:55,,,,,,,
3,58,1/4/2023 18:55,,,,,,,
3,61,1/4/2023 18:55,,,,,,,
3,62,1/4/2023 18:55,,,,,,,
3,63,1/4/2023 18:55,,,,,,,
3,65,1/4/2023 18:55,,,,,,,
3,66,1/4/2023 18:55,,,,,,,
3,67,1/4/2023 18:55,,,,,,,
3,69,1/4/2023 18:55,,,,,,,
3,71,1/4/2023 18:55,,,,,,,
3,73,1/4/2023 18:55,,,,,,,
3,75,1/4/2023 18:55,,,,,,,
3,76,1/4/2023 18:55,,,,,,,
3,83,1/4/2023 18:55,,,,,,,
3,92,1/4/2023 18:55,,,,,,,
3,93,1/4/2023 18:55,,,,,,,
3,100,1/4/2023 18:55,,,,,,,
3,101,1/4/2023 18:55,,,,,,,
3,102,1/4/2023 18:55,,,,,,,
3,103,1/4/2023 18:55,,,,,,,
3,104,1/4/2023 18:55,,,,,,,
3,105,1/4/2023 18:55,,,,,,,
3,108,1/4/2023 18:55,,,,,,,
3,109,1/4/2023 18:55,,,,,,,
3,111,1/4/2023 18:55,,,,,,,
3,115,1/4/2023 18:55,,,,,,,
3,118,1/4/2023 18:55,,,,,,,
3,119,1/4/2023 18:55,,,,,,,
3,128,1/4/2023 18:55,,,,,,,
3,132,1/4/2023 18:55,,,,,,,
3,133,1/4/2023 18:55,,,,,,,
3,134,1/4/2023 18:55,,,,,,,
3,135,1/4/2023 18:55,,,,,,,
3,145,1/4/2023 18:55,,,,,,,
3,147,1/4/2023 18:55,,,,,,,
3,150,1/4/2023 18:55,,,,,,,
3,153,1/4/2023 18:55,,,,,,,
3,154,1/4/2023 18:55,,,,,,,
3,158,1/4/2023 18:55,,,,,,,
3,159,1/4/2023 18:55,,,,,,,
3,160,1/4/2023 18:55,,,,,,,
3,162,1/4/2023 18:55,,,,,,,
3,169,1/4/2023 18:55,,,,,,,
3,171,1/4/2023 18:55,,,,,,,
3,172,1/4/2023 18:55,,,,,,,
3,174,1/4/2023 18:55,,,,,,,
3,182,1/4/2023 18:55,,,,,,,
3,186,1/4/2023 18:55,,,,,,,
3,189,1/4/2023 18:55,,,,,,,
3,199,1/4/2023 18:55,,,,,,,
3,205,1/4/2023 18:55,,,,,,,
3,209,1/4/2023 18:55,,,,,,,
3,211,1/4/2023 18:55,,,,,,,
3,212,1/4/2023 18:55,,,,,,,
3,223,1/4/2023 18:55,,,,,,,
3,225,1/4/2023 18:55,,,,,,,
3,233,1/4/2023 18:55,,,,,,,
3,234,1/4/2023 18:55,,,,,,,
3,235,1/4/2023 18:55,,,,,,,
3,238,1/4/2023 18:55,,,,,,,
3,246,1/4/2023 18:55,,,,,,,
3,248,1/4/2023 18:55,,,,,,,
3,253,1/4/2023 18:55,,,,,,,
3,256,1/4/2023 18:55,,,,,,,
3,257,1/4/2023 18:55,,,,,,,
4,3,1/4/2023 18:55,,,,,,,
4,4,1/4/2023 18:55,,,,,,,
4,5,1/4/2023 18:55,,,,,,,
4,6,1/4/2023 18:55,,,,,,,
4,7,1/4/2023 18:55,,,,,,,
4,10,1/4/2023 18:55,,,,,,,
4,17,1/4/2023 18:55,,,,,,,
4,19,1/4/2023 18:55,,,,,,,
4,20,1/4/2023 18:55,,,,,,,
4,22,1/4/2023 18:55,,,,,,,
4,24,1/4/2023 18:55,,,,,,,
4,29,1/4/2023 18:55,,,,,,,
4,31,1/4/2023 18:55,,,,,,,
4,37,1/4/2023 18:55,,,,,,,
4,39,1/4/2023 18:55,,,,,,,
4,42,1/4/2023 18:55,,,,,,,
4,43,1/4/2023 18:55,,,,,,,
4,46,1/4/2023 18:55,,,,,,,
4,47,1/4/2023 18:55,,,,,,,
4,48,1/4/2023 18:55,,,,,,,
4,49,1/4/2023 18:55,,,,,,,
4,55,1/4/2023 18:55,,,,,,,
4,63,1/4/2023 18:55,,,,,,,
4,64,1/4/2023 18:55,,,,,,,
4,65,1/4/2023 18:55,,,,,,,
4,66,1/4/2023 18:55,,,,,,,
4,70,1/4/2023 18:55,,,,,,,
4,71,1/4/2023 18:55,,,,,,,
4,76,1/4/2023 18:55,,,,,,,
4,77,1/4/2023 18:55,,,,,,,
4,82,1/4/2023 18:55,,,,,,,
4,84,1/4/2023 18:55,,,,,,,
4,94,1/4/2023 18:55,,,,,,,
4,95,1/4/2023 18:55,,,,,,,
4,100,1/4/2023 18:55,,,,,,,
4,101,1/4/2023 18:55,,,,,,,
4,102,1/4/2023 18:55,,,,,,,
4,107,1/4/2023 18:55,,,,,,,
4,109,1/4/2023 18:55,,,,,,,
4,110,1/4/2023 18:55,,,,,,,
4,113,1/4/2023 18:55,,,,,,,
4,114,1/4/2023 18:55,,,,,,,
4,115,1/4/2023 18:55,,,,,,,
4,116,1/4/2023 18:55,,,,,,,
4,118,1/4/2023 18:55,,,,,,,
4,119,1/4/2023 18:55,,,,,,,
4,120,1/4/2023 18:55,,,,,,,
4,121,1/4/2023 18:55,,,,,,,
4,124,1/4/2023 18:55,,,,,,,
4,127,1/4/2023 18:55,,,,,,,
4,128,1/4/2023 18:55,,,,,,,
4,129,1/4/2023 18:55,,,,,,,
4,130,1/4/2023 18:55,,,,,,,
4,131,1/4/2023 18:55,,,,,,,
4,138,1/4/2023 18:55,,,,,,,
4,140,1/4/2023 18:55,,,,,,,
4,142,1/4/2023 18:55,,,,,,,
4,145,1/4/2023 18:55,,,,,,,
4,146,1/4/2023 18:55,,,,,,,
4,147,1/4/2023 18:55,,,,,,,
4,150,1/4/2023 18:55,,,,,,,
4,156,1/4/2023 18:55,,,,,,,
4,157,1/4/2023 18:55,,,,,,,
4,158,1/4/2023 18:55,,,,,,,
4,162,1/4/2023 18:55,,,,,,,
4,166,1/4/2023 18:55,,,,,,,
4,172,1/4/2023 18:55,,,,,,,
4,173,1/4/2023 18:55,,,,,,,
4,175,1/4/2023 18:55,,,,,,,
4,180,1/4/2023 18:55,,,,,,,
4,181,1/4/2023 18:55,,,,,,,
4,191,1/4/2023 18:55,,,,,,,
4,197,1/4/2023 18:55,,,,,,,
4,199,1/4/2023 18:55,,,,,,,
4,201,1/4/2023 18:55,,,,,,,
4,204,1/4/2023 18:55,,,,,,,
4,209,1/4/2023 18:55,,,,,,,
4,210,1/4/2023 18:55,,,,,,,
4,211,1/4/2023 18:55,,,,,,,
4,219,1/4/2023 18:55,,,,,,,
4,220,1/4/2023 18:55,,,,,,,
4,221,1/4/2023 18:55,,,,,,,
4,225,1/4/2023 18:55,,,,,,,
4,235,1/4/2023 18:55,,,,,,,
4,236,1/4/2023 18:55,,,,,,,
4,242,1/4/2023 18:55,,,,,,,
4,244,1/4/2023 18:55,,,,,,,
4,248,1/4/2023 18:55,,,,,,,
4,249,1/4/2023 18:55,,,,,,,
4,250,1/4/2023 18:55,,,,,,,
4,252,1/4/2023 18:55,,,,,,,
4,253,1/4/2023 18:55,,,,,,,
4,256,1/4/2023 18:55,,,,,,,
5,1,1/4/2023 18:55,,,,,,,
5,2,1/4/2023 18:55,,,,,,,
5,3,1/4/2023 18:55,,,,,,,
5,4,1/4/2023 18:55,,,,,,,
5,5,1/4/2023 18:55,,,,,,,
5,6,1/4/2023 18:55,,,,,,,
5,7,1/4/2023 18:55,,,,,,,
5,8,1/4/2023 18:55,,,,,,,
5,9,1/4/2023 18:55,,,,,,,
5,10,1/4/2023 18:55,,,,,,,
5,11,1/4/2023 18:55,,,,,,,
5,12,1/4/2023 18:55,,,,,,,
5,13,1/4/2023 18:55,,,,,,,
5,14,1/4/2023 18:55,,,,,,,
5,15,1/4/2023 18:55,,,,,,,
5,16,1/4/2023 18:55,,,,,,,
5,17,1/4/2023 18:55,,,,,,,
5,18,1/4/2023 18:55,,,,,,,
5,19,1/4/2023 18:55,,,,,,,
5,20,1/4/2023 18:55,,,,,,,
5,21,1/4/2023 18:55,,,,,,,
5,22,1/4/2023 18:55,,,,,,,
5,23,1/4/2023 18:55,,,,,,,
5,24,1/4/2023 18:55,,,,,,,
5,25,1/4/2023 18:55,,,,,,,
5,26,1/4/2023 18:55,,,,,,,
5,27,1/4/2023 18:55,,,,,,,
5,28,1/4/2023 18:55,,,,,,,
5,29,1/4/2023 18:55,,,,,,,
5,30,1/4/2023 18:55,,,,,,,
5,31,1/4/2023 18:55,,,,,,,
5,32,1/4/2023 18:55,,,,,,,
5,33,1/4/2023 18:55,,,,,,,
5,34,1/4/2023 18:55,,,,,,,
5,35,1/4/2023 18:55,,,,,,,
5,36,1/4/2023 18:55,,,,,,,
5,37,1/4/2023 18:55,,,,,,,
5,38,1/4/2023 18:55,,,,,,,
5,39,1/4/2023 18:55,,,,,,,
5,40,1/4/2023 18:55,,,,,,,
5,41,1/4/2023 18:55,,,,,,,
5,42,1/4/2023 18:55,,,,,,,
5,43,1/4/2023 18:55,,,,,,,
5,44,1/4/2023 18:55,,,,,,,
5,45,1/4/2023 18:55,,,,,,,
5,46,1/4/2023 18:55,,,,,,,
5,47,1/4/2023 18:55,,,,,,,
5,48,1/4/2023 18:55,,,,,,,
5,49,1/4/2023 18:55,,,,,,,
5,50,1/4/2023 18:55,,,,,,,
5,51,1/4/2023 18:55,,,,,,,
5,52,1/4/2023 18:55,,,,,,,
5,53,1/4/2023 18:55,,,,,,,
5,54,1/4/2023 18:55,,,,,,,
5,55,1/4/2023 18:55,,,,,,,
5,56,1/4/2023 18:55,,,,,,,
5,57,1/4/2023 18:55,,,,,,,
5,58,1/4/2023 18:55,,,,,,,
5,59,1/4/2023 18:55,,,,,,,
5,60,1/4/2023 18:55,,,,,,,
5,61,1/4/2023 18:55,,,,,,,
5,62,1/4/2023 18:55,,,,,,,
5,63,1/4/2023 18:55,,,,,,,
5,64,1/4/2023 18:55,,,,,,,
5,65,1/4/2023 18:55,,,,,,,
5,66,1/4/2023 18:55,,,,,,,
5,67,1/4/2023 18:55,,,,,,,
5,68,1/4/2023 18:55,,,,,,,
5,69,1/4/2023 18:55,,,,,,,
5,70,1/4/2023 18:55,,,,,,,
5,71,1/4/2023 18:55,,,,,,,
5,72,1/4/2023 18:55,,,,,,,
5,73,1/4/2023 18:55,,,,,,,
5,74,1/4/2023 18:55,,,,,,,
5,75,1/4/2023 18:55,,,,,,,
5,76,1/4/2023 18:55,,,,,,,
5,77,1/4/2023 18:55,,,,,,,
5,78,1/4/2023 18:55,,,,,,,
5,79,1/4/2023 18:55,,,,,,,
5,80,1/4/2023 18:55,,,,,,,
5,81,1/4/2023 18:55,,,,,,,
5,82,1/4/2023 18:55,,,,,,,
5,83,1/4/2023 18:55,,,,,,,
5,84,1/4/2023 18:55,,,,,,,
5,85,1/4/2023 18:55,,,,,,,
5,86,1/4/2023 18:55,,,,,,,
5,87,1/4/2023 18:55,,,,,,,
5,88,1/4/2023 18:55,,,,,,,
5,89,1/4/2023 18:55,,,,,,,
5,90,1/4/2023 18:55,,,,,,,
5,91,1/4/2023 18:55,,,,,,,
5,92,1/4/2023 18:55,,,,,,,
5,93,1/4/2023 18:55,,,,,,,
5,94,1/4/2023 18:55,,,,,,,
5,95,1/4/2023 18:55,,,,,,,
5,96,1/4/2023 18:55,,,,,,,
5,97,1/4/2023 18:55,,,,,,,
5,98,1/4/2023 18:55,,,,,,,
5,99,1/4/2023 18:55,,,,,,,
5,100,1/4/2023 18:55,,,,,,,
5,101,1/4/2023 18:55,,,,,,,
5,102,1/4/2023 18:55,,,,,,,
5,103,1/4/2023 18:55,,,,,,,
5,104,1/4/2023 18:55,,,,,,,
5,105,1/4/2023 18:55,,,,,,,
5,106,1/4/2023 18:55,,,,,,,
5,107,1/4/2023 18:55,,,,,,,
5,108,1/4/2023 18:55,,,,,,,
5,109,1/4/2023 18:55,,,,,,,
5,110,1/4/2023 18:55,,,,,,,
5,111,1/4/2023 18:55,,,,,,,
5,112,1/4/2023 18:55,,,,,,,
5,113,1/4/2023 18:55,,,,,,,
5,114,1/4/2023 18:55,,,,,,,
5,115,1/4/2023 18:55,,,,,,,
5,116,1/4/2023 18:55,,,,,,,
5,117,1/4/2023 18:55,,,,,,,
5,118,1/4/2023 18:55,,,,,,,
5,119,1/4/2023 18:55,,,,,,,
5,120,1/4/2023 18:55,,,,,,,
5,121,1/4/2023 18:55,,,,,,,
5,122,1/4/2023 18:55,,,,,,,
5,123,1/4/2023 18:55,,,,,,,
5,124,1/4/2023 18:55,,,,,,,
5,125,1/4/2023 18:55,,,,,,,
5,126,1/4/2023 18:55,,,,,,,
5,127,1/4/2023 18:55,,,,,,,
5,128,1/4/2023 18:55,,,,,,,
5,129,1/4/2023 18:55,,,,,,,
5,130,1/4/2023 18:55,,,,,,,
5,131,1/4/2023 18:55,,,,,,,
5,132,1/4/2023 18:55,,,,,,,
5,133,1/4/2023 18:55,,,,,,,
5,134,1/4/2023 18:55,,,,,,,
5,135,1/4/2023 18:55,,,,,,,
5,136,1/4/2023 18:55,,,,,,,
5,137,1/4/2023 18:55,,,,,,,
5,138,1/4/2023 18:55,,,,,,,
5,139,1/4/2023 18:55,,,,,,,
5,140,1/4/2023 18:55,,,,,,,
5,141,1/4/2023 18:55,,,,,,,
5,142,1/4/2023 18:55,,,,,,,
5,143,1/4/2023 18:55,,,,,,,
5,144,1/4/2023 18:55,,,,,,,
5,145,1/4/2023 18:55,,,,,,,
5,146,1/4/2023 18:55,,,,,,,
5,147,1/4/2023 18:55,,,,,,,
5,148,1/4/2023 18:55,,,,,,,
5,149,1/4/2023 18:55,,,,,,,
5,150,1/4/2023 18:55,,,,,,,
5,151,1/4/2023 18:55,,,,,,,
5,152,1/4/2023 18:55,,,,,,,
5,153,1/4/2023 18:55,,,,,,,
5,154,1/4/2023 18:55,,,,,,,
5,155,1/4/2023 18:55,,,,,,,
5,156,1/4/2023 18:55,,,,,,,
5,157,1/4/2023 18:55,,,,,,,
5,158,1/4/2023 18:55,,,,,,,
5,159,1/4/2023 18:55,,,,,,,
5,160,1/4/2023 18:55,,,,,,,
5,161,1/4/2023 18:55,,,,,,,
5,162,1/4/2023 18:55,,,,,,,
5,163,1/4/2023 18:55,,,,,,,
5,164,1/4/2023 18:55,,,,,,,
5,165,1/4/2023 18:55,,,,,,,
5,166,1/4/2023 18:55,,,,,,,
5,167,1/4/2023 18:55,,,,,,,
5,168,1/4/2023 18:55,,,,,,,
5,169,1/4/2023 18:55,,,,,,,
5,170,1/4/2023 18:55,,,,,,,
5,171,1/4/2023 18:55,,,,,,,
5,172,1/4/2023 18:55,,,,,,,
5,173,1/4/2023 18:55,,,,,,,
5,174,1/4/2023 18:55,,,,,,,
5,175,1/4/2023 18:55,,,,,,,
5,176,1/4/2023 18:55,,,,,,,
5,177,1/4/2023 18:55,,,,,,,
5,178,1/4/2023 18:55,,,,,,,
5,179,1/4/2023 18:55,,,,,,,
5,180,1/4/2023 18:55,,,,,,,
5,181,1/4/2023 18:55,,,,,,,
5,182,1/4/2023 18:55,,,,,,,
5,183,1/4/2023 18:55,,,,,,,
5,184,1/4/2023 18:55,,,,,,,
5,185,1/4/2023 18:55,,,,,,,
5,186,1/4/2023 18:55,,,,,,,
5,187,1/4/2023 18:55,,,,,,,
5,188,1/4/2023 18:55,,,,,,,
5,189,1/4/2023 18:55,,,,,,,
5,190,1/4/2023 18:55,,,,,,,
5,191,1/4/2023 18:55,,,,,,,
5,192,1/4/2023 18:55,,,,,,,
5,193,1/4/2023 18:55,,,,,,,
5,194,1/4/2023 18:55,,,,,,,
5,195,1/4/2023 18:55,,,,,,,
5,196,1/4/2023 18:55,,,,,,,
5,197,1/4/2023 18:55,,,,,,,
5,198,1/4/2023 18:55,,,,,,,
5,199,1/4/2023 18:55,,,,,,,
5,200,1/4/2023 18:55,,,,,,,
5,201,1/4/2023 18:55,,,,,,,
5,202,1/4/2023 18:55,,,,,,,
5,203,1/4/2023 18:55,,,,,,,
5,204,1/4/2023 18:55,,,,,,,
5,205,1/4/2023 18:55,,,,,,,
5,206,1/4/2023 18:55,,,,,,,
5,207,1/4/2023 18:55,,,,,,,
5,208,1/4/2023 18:55,,,,,,,
5,209,1/4/2023 18:55,,,,,,,
5,210,1/4/2023 18:55,,,,,,,
5,211,1/4/2023 18:55,,,,,,,
5,212,1/4/2023 18:55,,,,,,,
5,213,1/4/2023 18:55,,,,,,,
5,214,1/4/2023 18:55,,,,,,,
5,215,1/4/2023 18:55,,,,,,,
5,216,1/4/2023 18:55,,,,,,,
5,217,1/4/2023 18:55,,,,,,,
5,218,1/4/2023 18:55,,,,,,,
5,219,1/4/2023 18:55,,,,,,,
5,220,1/4/2023 18:55,,,,,,,
5,221,1/4/2023 18:55,,,,,,,
5,222,1/4/2023 18:55,,,,,,,
5,223,1/4/2023 18:55,,,,,,,
5,224,1/4/2023 18:55,,,,,,,
5,225,1/4/2023 18:55,,,,,,,
5,226,1/4/2023 18:55,,,,,,,
5,227,1/4/2023 18:55,,,,,,,
5,228,1/4/2023 18:55,,,,,,,
5,229,1/4/2023 18:55,,,,,,,
5,230,1/4/2023 18:55,,,,,,,
5,231,1/4/2023 18:55,,,,,,,
5,232,1/4/2023 18:55,,,,,,,
5,233,1/4/2023 18:55,,,,,,,
5,234,1/4/2023 18:55,,,,,,,
5,235,1/4/2023 18:55,,,,,,,
5,236,1/4/2023 18:55,,,,,,,
5,237,1/4/2023 18:55,,,,,,,
5,238,1/4/2023 18:55,,,,,,,
5,239,1/4/2023 18:55,,,,,,,
5,240,1/4/2023 18:55,,,,,,,
5,241,1/4/2023 18:55,,,,,,,
5,242,1/4/2023 18:55,,,,,,,
5,243,1/4/2023 18:55,,,,,,,
5,244,1/4/2023 18:55,,,,,,,
5,245,1/4/2023 18:55,,,,,,,
5,246,1/4/2023 18:55,,,,,,,
5,247,1/4/2023 18:55,,,,,,,
5,248,1/4/2023 18:55,,,,,,,
5,249,1/4/2023 18:55,,,,,,,
5,250,1/4/2023 18:55,,,,,,,
5,251,1/4/2023 18:55,,,,,,,
5,252,1/4/2023 18:55,,,,,,,
5,253,1/4/2023 18:55,,,,,,,
5,254,1/4/2023 18:55,,,,,,,
5,255,1/4/2023 18:55,,,,,,,
5,256,1/4/2023 18:55,,,,,,,
5,257,1/4/2023 18:55,,,,,,,
6,2,1/4/2023 18:55,,,,,,,
6,5,1/4/2023 18:55,,,,,,,
6,9,1/4/2023 18:55,,,,,,,
6,11,1/4/2023 18:55,,,,,,,
6,13,1/4/2023 18:55,,,,,,,
6,19,1/4/2023 18:55,,,,,,,
6,24,1/4/2023 18:55,,,,,,,
6,28,1/4/2023 18:55,,,,,,,
6,29,1/4/2023 18:55,,,,,,,
6,30,1/4/2023 18:55,,,,,,,
6,36,1/4/2023 18:55,,,,,,,
6,37,1/4/2023 18:55,,,,,,,
6,40,1/4/2023 18:55,,,,,,,
6,41,1/4/2023 18:55,,,,,,,
6,43,1/4/2023 18:55,,,,,,,
6,45,1/4/2023 18:55,,,,,,,
6,47,1/4/2023 18:55,,,,,,,
6,50,1/4/2023 18:55,,,,,,,
6,55,1/4/2023 18:55,,,,,,,
6,56,1/4/2023 18:55,,,,,,,
6,57,1/4/2023 18:55,,,,,,,
6,59,1/4/2023 18:55,,,,,,,
6,61,1/4/2023 18:55,,,,,,,
6,64,1/4/2023 18:55,,,,,,,
6,66,1/4/2023 18:55,,,,,,,
6,68,1/4/2023 18:55,,,,,,,
6,75,1/4/2023 18:55,,,,,,,
6,78,1/4/2023 18:55,,,,,,,
6,80,1/4/2023 18:55,,,,,,,
6,82,1/4/2023 18:55,,,,,,,
6,84,1/4/2023 18:55,,,,,,,
6,87,1/4/2023 18:55,,,,,,,
6,91,1/4/2023 18:55,,,,,,,
6,93,1/4/2023 18:55,,,,,,,
6,96,1/4/2023 18:55,,,,,,,
6,97,1/4/2023 18:55,,,,,,,
6,98,1/4/2023 18:55,,,,,,,
6,99,1/4/2023 18:55,,,,,,,
6,100,1/4/2023 18:55,,,,,,,
6,104,1/4/2023 18:55,,,,,,,
6,107,1/4/2023 18:55,,,,,,,
6,109,1/4/2023 18:55,,,,,,,
6,111,1/4/2023 18:55,,,,,,,
6,117,1/4/2023 18:55,,,,,,,
6,118,1/4/2023 18:55,,,,,,,
6,119,1/4/2023 18:55,,,,,,,
6,120,1/4/2023 18:55,,,,,,,
6,122,1/4/2023 18:55,,,,,,,
6,123,1/4/2023 18:55,,,,,,,
6,126,1/4/2023 18:55,,,,,,,
6,127,1/4/2023 18:55,,,,,,,
6,133,1/4/2023 18:55,,,,,,,
6,142,1/4/2023 18:55,,,,,,,
6,144,1/4/2023 18:55,,,,,,,
6,145,1/4/2023 18:55,,,,,,,
6,149,1/4/2023 18:55,,,,,,,
6,156,1/4/2023 18:55,,,,,,,
6,163,1/4/2023 18:55,,,,,,,
6,172,1/4/2023 18:55,,,,,,,
6,173,1/4/2023 18:55,,,,,,,
6,178,1/4/2023 18:55,,,,,,,
6,181,1/4/2023 18:55,,,,,,,
6,183,1/4/2023 18:55,,,,,,,
6,187,1/4/2023 18:55,,,,,,,
6,197,1/4/2023 18:55,,,,,,,
6,207,1/4/2023 18:55,,,,,,,
6,217,1/4/2023 18:55,,,,,,,
6,220,1/4/2023 18:55,,,,,,,
6,221,1/4/2023 18:55,,,,,,,
6,223,1/4/2023 18:55,,,,,,,
6,230,1/4/2023 18:55,,,,,,,
6,231,1/4/2023 18:55,,,,,,,
6,233,1/4/2023 18:55,,,,,,,
6,237,1/4/2023 18:55,,,,,,,
6,239,1/4/2023 18:55,,,,,,,
6,241,1/4/2023 18:55,,,,,,,
6,244,1/4/2023 18:55,,,,,,,
6,245,1/4/2023 18:55,,,,,,,
6,249,1/4/2023 18:55,,,,,,,
6,252,1/4/2023 18:55,,,,,,,
6,254,1/4/2023 18:55,,,,,,,
6,255,1/4/2023 18:55,,,,,,,
8,2,1/4/2023 18:55,,,,,,,
8,16,1/4/2023 18:55,,,,,,,
8,22,1/4/2023 18:55,,,,,,,
8,26,1/4/2023 18:55,,,,,,,
8,29,1/4/2023 18:55,,,,,,,
8,30,1/4/2023 18:55,,,,,,,
8,32,1/4/2023 18:55,,,,,,,
8,35,1/4/2023 18:55,,,,,,,
8,36,1/4/2023 18:55,,,,,,,
8,38,1/4/2023 18:55,,,,,,,
8,42,1/4/2023 18:55,,,,,,,
8,45,1/4/2023 18:55,,,,,,,
8,50,1/4/2023 18:55,,,,,,,
8,55,1/4/2023 18:55,,,,,,,
8,57,1/4/2023 18:55,,,,,,,
8,59,1/4/2023 18:55,,,,,,,
8,60,1/4/2023 18:55,,,,,,,
8,64,1/4/2023 18:55,,,,,,,
8,66,1/4/2023 18:55,,,,,,,
8,70,1/4/2023 18:55,,,,,,,
8,74,1/4/2023 18:55,,,,,,,
8,75,1/4/2023 18:55,,,,,,,
8,76,1/4/2023 18:55,,,,,,,
8,84,1/4/2023 18:55,,,,,,,
8,89,1/4/2023 18:55,,,,,,,
8,97,1/4/2023 18:55,,,,,,,
8,98,1/4/2023 18:55,,,,,,,
8,100,1/4/2023 18:55,,,,,,,
8,101,1/4/2023 18:55,,,,,,,
8,102,1/4/2023 18:55,,,,,,,
8,103,1/4/2023 18:55,,,,,,,
8,104,1/4/2023 18:55,,,,,,,
8,108,1/4/2023 18:55,,,,,,,
8,110,1/4/2023 18:55,,,,,,,
8,111,1/4/2023 18:55,,,,,,,
8,123,1/4/2023 18:55,,,,,,,
8,124,1/4/2023 18:55,,,,,,,
8,125,1/4/2023 18:55,,,,,,,
8,128,1/4/2023 18:55,,,,,,,
8,129,1/4/2023 18:55,,,,,,,
8,131,1/4/2023 18:55,,,,,,,
8,135,1/4/2023 18:55,,,,,,,
8,138,1/4/2023 18:55,,,,,,,
8,141,1/4/2023 18:55,,,,,,,
8,144,1/4/2023 18:55,,,,,,,
8,147,1/4/2023 18:55,,,,,,,
8,149,1/4/2023 18:55,,,,,,,
8,150,1/4/2023 18:55,,,,,,,
8,154,1/4/2023 18:55,,,,,,,
8,155,1/4/2023 18:55,,,,,,,
8,156,1/4/2023 18:55,,,,,,,
8,157,1/4/2023 18:55,,,,,,,
8,160,1/4/2023 18:55,,,,,,,
8,161,1/4/2023 18:55,,,,,,,
8,163,1/4/2023 18:55,,,,,,,
8,174,1/4/2023 18:55,,,,,,,
8,183,1/4/2023 18:55,,,,,,,
8,185,1/4/2023 18:55,,,,,,,
8,186,1/4/2023 18:55,,,,,,,
8,187,1/4/2023 18:55,,,,,,,
8,189,1/4/2023 18:55,,,,,,,
8,191,1/4/2023 18:55,,,,,,,
8,194,1/4/2023 18:55,,,,,,,
8,197,1/4/2023 18:55,,,,,,,
8,199,1/4/2023 18:55,,,,,,,
8,201,1/4/2023 18:55,,,,,,,
8,202,1/4/2023 18:55,,,,,,,
8,203,1/4/2023 18:55,,,,,,,
8,210,1/4/2023 18:55,,,,,,,
8,219,1/4/2023 18:55,,,,,,,
8,220,1/4/2023 18:55,,,,,,,
8,226,1/4/2023 18:55,,,,,,,
8,227,1/4/2023 18:55,,,,,,,
8,233,1/4/2023 18:55,,,,,,,
8,234,1/4/2023 18:55,,,,,,,
8,242,1/4/2023 18:55,,,,,,,
8,245,1/4/2023 18:55,,,,,,,
8,247,1/4/2023 18:55,,,,,,,
8,249,1/4/2023 18:55,,,,,,,
9,1,1/4/2023 18:55,,,,,,,
9,7,1/4/2023 18:55,,,,,,,
9,10,1/4/2023 18:55,,,,,,,
9,20,1/4/2023 18:55,,,,,,,
9,21,1/4/2023 18:55,,,,,,,
9,23,1/4/2023 18:55,,,,,,,
9,27,1/4/2023 18:55,,,,,,,
9,28,1/4/2023 18:55,,,,,,,
9,30,1/4/2023 18:55,,,,,,,
9,31,1/4/2023 18:55,,,,,,,
9,36,1/4/2023 18:55,,,,,,,
9,40,1/4/2023 18:55,,,,,,,
9,45,1/4/2023 18:55,,,,,,,
9,47,1/4/2023 18:55,,,,,,,
9,48,1/4/2023 18:55,,,,,,,
9,51,1/4/2023 18:55,,,,,,,
9,53,1/4/2023 18:55,,,,,,,
9,54,1/4/2023 18:55,,,,,,,
9,61,1/4/2023 18:55,,,,,,,
9,62,1/4/2023 18:55,,,,,,,
9,63,1/4/2023 18:55,,,,,,,
9,65,1/4/2023 18:55,,,,,,,
9,68,1/4/2023 18:55,,,,,,,
9,73,1/4/2023 18:55,,,,,,,
9,76,1/4/2023 18:55,,,,,,,
9,77,1/4/2023 18:55,,,,,,,
9,78,1/4/2023 18:55,,,,,,,
9,80,1/4/2023 18:55,,,,,,,
9,81,1/4/2023 18:55,,,,,,,
9,82,1/4/2023 18:55,,,,,,,
9,84,1/4/2023 18:55,,,,,,,
9,87,1/4/2023 18:55,,,,,,,
9,89,1/4/2023 18:55,,,,,,,
9,90,1/4/2023 18:55,,,,,,,
9,91,1/4/2023 18:55,,,,,,,
9,96,1/4/2023 18:55,,,,,,,
9,97,1/4/2023 18:55,,,,,,,
9,98,1/4/2023 18:55,,,,,,,
9,100,1/4/2023 18:55,,,,,,,
9,104,1/4/2023 18:55,,,,,,,
9,106,1/4/2023 18:55,,,,,,,
9,110,1/4/2023 18:55,,,,,,,
9,113,1/4/2023 18:55,,,,,,,
9,116,1/4/2023 18:55,,,,,,,
9,120,1/4/2023 18:55,,,,,,,
9,121,1/4/2023 18:55,,,,,,,
9,127,1/4/2023 18:55,,,,,,,
9,129,1/4/2023 18:55,,,,,,,
9,133,1/4/2023 18:55,,,,,,,
9,139,1/4/2023 18:55,,,,,,,
9,143,1/4/2023 18:55,,,,,,,
9,149,1/4/2023 18:55,,,,,,,
9,156,1/4/2023 18:55,,,,,,,
9,158,1/4/2023 18:55,,,,,,,
9,161,1/4/2023 18:55,,,,,,,
9,163,1/4/2023 18:55,,,,,,,
9,167,1/4/2023 18:55,,,,,,,
9,168,1/4/2023 18:55,,,,,,,
9,170,1/4/2023 18:55,,,,,,,
9,177,1/4/2023 18:55,,,,,,,
9,178,1/4/2023 18:55,,,,,,,
9,181,1/4/2023 18:55,,,,,,,
9,185,1/4/2023 18:55,,,,,,,
9,186,1/4/2023 18:55,,,,,,,
9,189,1/4/2023 18:55,,,,,,,
9,190,1/4/2023 18:55,,,,,,,
9,198,1/4/2023 18:55,,,,,,,
9,201,1/4/2023 18:55,,,,,,,
9,202,1/4/2023 18:55,,,,,,,
9,205,1/4/2023 18:55,,,,,,,
9,207,1/4/2023 18:55,,,,,,,
9,213,1/4/2023 18:55,,,,,,,
9,215,1/4/2023 18:55,,,,,,,
9,217,1/4/2023 18:55,,,,,,,
9,218,1/4/2023 18:55,,,,,,,
9,223,1/4/2023 18:55,,,,,,,
9,230,1/4/2023 18:55,,,,,,,
9,235,1/4/2023 18:55,,,,,,,
9,239,1/4/2023 18:55,,,,,,,
9,241,1/4/2023 18:55,,,,,,,
9,244,1/4/2023 18:55,,,,,,,
9,247,1/4/2023 18:55,,,,,,,
9,250,1/4/2023 18:55,,,,,,,
9,252,1/4/2023 18:55,,,,,,,
9,253,1/4/2023 18:55,,,,,,,
10,1,1/4/2023 18:55,,,,,,,
10,4,1/4/2023 18:55,,,,,,,
10,10,1/4/2023 18:55,,,,,,,
10,11,1/4/2023 18:55,,,,,,,
10,15,1/4/2023 18:55,,,,,,,
10,16,1/4/2023 18:55,,,,,,,
10,18,1/4/2023 18:55,,,,,,,
10,19,1/4/2023 18:55,,,,,,,
10,21,1/4/2023 18:55,,,,,,,
10,25,1/4/2023 18:55,,,,,,,
10,27,1/4/2023 18:55,,,,,,,
10,33,1/4/2023 18:55,,,,,,,
10,38,1/4/2023 18:55,,,,,,,
10,40,1/4/2023 18:55,,,,,,,
10,42,1/4/2023 18:55,,,,,,,
10,44,1/4/2023 18:55,,,,,,,
10,55,1/4/2023 18:55,,,,,,,
10,57,1/4/2023 18:55,,,,,,,
10,58,1/4/2023 18:55,,,,,,,
10,59,1/4/2023 18:55,,,,,,,
10,62,1/4/2023 18:55,,,,,,,
10,63,1/4/2023 18:55,,,,,,,
10,71,1/4/2023 18:55,,,,,,,
10,72,1/4/2023 18:55,,,,,,,
10,75,1/4/2023 18:55,,,,,,,
10,77,1/4/2023 18:55,,,,,,,
10,78,1/4/2023 18:55,,,,,,,
10,80,1/4/2023 18:55,,,,,,,
10,81,1/4/2023 18:55,,,,,,,
10,82,1/4/2023 18:55,,,,,,,
10,85,1/4/2023 18:55,,,,,,,
10,88,1/4/2023 18:55,,,,,,,
10,93,1/4/2023 18:55,,,,,,,
10,100,1/4/2023 18:55,,,,,,,
10,102,1/4/2023 18:55,,,,,,,
10,107,1/4/2023 18:55,,,,,,,
10,109,1/4/2023 18:55,,,,,,,
10,110,1/4/2023 18:55,,,,,,,
10,111,1/4/2023 18:55,,,,,,,
10,120,1/4/2023 18:55,,,,,,,
10,122,1/4/2023 18:55,,,,,,,
10,128,1/4/2023 18:55,,,,,,,
10,133,1/4/2023 18:55,,,,,,,
10,134,1/4/2023 18:55,,,,,,,
10,135,1/4/2023 18:55,,,,,,,
10,139,1/4/2023 18:55,,,,,,,
10,143,1/4/2023 18:55,,,,,,,
10,144,1/4/2023 18:55,,,,,,,
10,148,1/4/2023 18:55,,,,,,,
10,150,1/4/2023 18:55,,,,,,,
10,152,1/4/2023 18:55,,,,,,,
10,154,1/4/2023 18:55,,,,,,,
10,158,1/4/2023 18:55,,,,,,,
10,163,1/4/2023 18:55,,,,,,,
10,170,1/4/2023 18:55,,,,,,,
10,173,1/4/2023 18:55,,,,,,,
10,174,1/4/2023 18:55,,,,,,,
10,175,1/4/2023 18:55,,,,,,,
10,180,1/4/2023 18:55,,,,,,,
10,185,1/4/2023 18:55,,,,,,,
10,186,1/4/2023 18:55,,,,,,,
10,191,1/4/2023 18:55,,,,,,,
10,193,1/4/2023 18:55,,,,,,,
10,194,1/4/2023 18:55,,,,,,,
10,201,1/4/2023 18:55,,,,,,,
10,205,1/4/2023 18:55,,,,,,,
10,206,1/4/2023 18:55,,,,,,,
10,207,1/4/2023 18:55,,,,,,,
10,208,1/4/2023 18:55,,,,,,,
10,214,1/4/2023 18:55,,,,,,,
10,215,1/4/2023 18:55,,,,,,,
10,218,1/4/2023 18:55,,,,,,,
10,222,1/4/2023 18:55,,,,,,,
10,225,1/4/2023 18:55,,,,,,,
10,228,1/4/2023 18:55,,,,,,,
10,230,1/4/2023 18:55,,,,,,,
10,235,1/4/2023 18:55,,,,,,,
10,236,1/4/2023 18:55,,,,,,,
10,237,1/4/2023 18:55,,,,,,,
10,241,1/4/2023 18:55,,,,,,,
10,242,1/4/2023 18:55,,,,,,,
10,243,1/4/2023 18:55,,,,,,,
10,244,1/4/2023 18:55,,,,,,,
10,245,1/4/2023 18:55,,,,,,,
10,254,1/4/2023 18:55,,,,,,,
10,255,1/4/2023 18:55,,,,,,,
10,257,1/4/2023 18:55,,,,,,,
11,1,1/4/2023 18:55,,,,,,,
11,4,1/4/2023 18:55,,,,,,,
11,5,1/4/2023 18:55,,,,,,,
11,13,1/4/2023 18:55,,,,,,,
11,14,1/4/2023 18:55,,,,,,,
11,17,1/4/2023 18:55,,,,,,,
11,27,1/4/2023 18:55,,,,,,,
11,32,1/4/2023 18:55,,,,,,,
11,33,1/4/2023 18:55,,,,,,,
11,37,1/4/2023 18:55,,,,,,,
11,38,1/4/2023 18:55,,,,,,,
11,39,1/4/2023 18:55,,,,,,,
11,40,1/4/2023 18:55,,,,,,,
11,42,1/4/2023 18:55,,,,,,,
11,45,1/4/2023 18:55,,,,,,,
11,48,1/4/2023 18:55,,,,,,,
11,49,1/4/2023 18:55,,,,,,,
11,51,1/4/2023 18:55,,,,,,,
11,52,1/4/2023 18:55,,,,,,,
11,54,1/4/2023 18:55,,,,,,,
11,55,1/4/2023 18:55,,,,,,,
11,60,1/4/2023 18:55,,,,,,,
11,62,1/4/2023 18:55,,,,,,,
11,63,1/4/2023 18:55,,,,,,,
11,64,1/4/2023 18:55,,,,,,,
11,67,1/4/2023 18:55,,,,,,,
11,69,1/4/2023 18:55,,,,,,,
11,71,1/4/2023 18:55,,,,,,,
11,72,1/4/2023 18:55,,,,,,,
11,73,1/4/2023 18:55,,,,,,,
11,74,1/4/2023 18:55,,,,,,,
11,75,1/4/2023 18:55,,,,,,,
11,77,1/4/2023 18:55,,,,,,,
11,79,1/4/2023 18:55,,,,,,,
11,83,1/4/2023 18:55,,,,,,,
11,87,1/4/2023 18:55,,,,,,,
11,95,1/4/2023 18:55,,,,,,,
11,100,1/4/2023 18:55,,,,,,,
11,102,1/4/2023 18:55,,,,,,,
11,109,1/4/2023 18:55,,,,,,,
11,110,1/4/2023 18:55,,,,,,,
11,112,1/4/2023 18:55,,,,,,,
11,114,1/4/2023 18:55,,,,,,,
11,116,1/4/2023 18:55,,,,,,,
11,117,1/4/2023 18:55,,,,,,,
11,118,1/4/2023 18:55,,,,,,,
11,119,1/4/2023 18:55,,,,,,,
11,121,1/4/2023 18:55,,,,,,,
11,124,1/4/2023 18:55,,,,,,,
11,126,1/4/2023 18:55,,,,,,,
11,129,1/4/2023 18:55,,,,,,,
11,131,1/4/2023 18:55,,,,,,,
11,133,1/4/2023 18:55,,,,,,,
11,137,1/4/2023 18:55,,,,,,,
11,138,1/4/2023 18:55,,,,,,,
11,141,1/4/2023 18:55,,,,,,,
11,145,1/4/2023 18:55,,,,,,,
11,147,1/4/2023 18:55,,,,,,,
11,148,1/4/2023 18:55,,,,,,,
11,153,1/4/2023 18:55,,,,,,,
11,164,1/4/2023 18:55,,,,,,,
11,165,1/4/2023 18:55,,,,,,,
11,166,1/4/2023 18:55,,,,,,,
11,167,1/4/2023 18:55,,,,,,,
11,170,1/4/2023 18:55,,,,,,,
11,171,1/4/2023 18:55,,,,,,,
11,173,1/4/2023 18:55,,,,,,,
11,174,1/4/2023 18:55,,,,,,,
11,178,1/4/2023 18:55,,,,,,,
11,179,1/4/2023 18:55,,,,,,,
11,181,1/4/2023 18:55,,,,,,,
11,182,1/4/2023 18:55,,,,,,,
11,186,1/4/2023 18:55,,,,,,,
11,188,1/4/2023 18:55,,,,,,,
11,189,1/4/2023 18:55,,,,,,,
11,191,1/4/2023 18:55,,,,,,,
11,198,1/4/2023 18:55,,,,,,,
11,201,1/4/2023 18:55,,,,,,,
11,204,1/4/2023 18:55,,,,,,,
11,205,1/4/2023 18:55,,,,,,,
11,209,1/4/2023 18:55,,,,,,,
11,219,1/4/2023 18:55,,,,,,,
11,244,1/4/2023 18:55,,,,,,,
11,248,1/4/2023 18:55,,,,,,,
11,250,1/4/2023 18:55,,,,,,,
11,251,1/4/2023 18:55,,,,,,,
11,253,1/4/2023 18:55,,,,,,,
11,254,1/4/2023 18:55,,,,,,,
11,255,1/4/2023 18:55,,,,,,,
12,3,1/4/2023 18:55,,,,,,,
12,4,1/4/2023 18:55,,,,,,,
12,7,1/4/2023 18:55,,,,,,,
12,12,1/4/2023 18:55,,,,,,,
12,18,1/4/2023 18:55,,,,,,,
12,20,1/4/2023 18:55,,,,,,,
12,23,1/4/2023 18:55,,,,,,,
12,28,1/4/2023 18:55,,,,,,,
12,29,1/4/2023 18:55,,,,,,,
12,33,1/4/2023 18:55,,,,,,,
12,37,1/4/2023 18:55,,,,,,,
12,41,1/4/2023 18:55,,,,,,,
12,43,1/4/2023 18:55,,,,,,,
12,45,1/4/2023 18:55,,,,,,,
12,46,1/4/2023 18:55,,,,,,,
12,48,1/4/2023 18:55,,,,,,,
12,49,1/4/2023 18:55,,,,,,,
12,50,1/4/2023 18:55,,,,,,,
12,54,1/4/2023 18:55,,,,,,,
12,59,1/4/2023 18:55,,,,,,,
12,61,1/4/2023 18:55,,,,,,,
12,65,1/4/2023 18:55,,,,,,,
12,70,1/4/2023 18:55,,,,,,,
12,72,1/4/2023 18:55,,,,,,,
12,74,1/4/2023 18:55,,,,,,,
12,82,1/4/2023 18:55,,,,,,,
12,83,1/4/2023 18:55,,,,,,,
12,86,1/4/2023 18:55,,,,,,,
12,92,1/4/2023 18:55,,,,,,,
12,95,1/4/2023 18:55,,,,,,,
12,109,1/4/2023 18:55,,,,,,,
12,114,1/4/2023 18:55,,,,,,,
12,115,1/4/2023 18:55,,,,,,,
12,116,1/4/2023 18:55,,,,,,,
12,119,1/4/2023 18:55,,,,,,,
12,122,1/4/2023 18:55,,,,,,,
12,123,1/4/2023 18:55,,,,,,,
12,140,1/4/2023 18:55,,,,,,,
12,141,1/4/2023 18:55,,,,,,,
12,143,1/4/2023 18:55,,,,,,,
12,147,1/4/2023 18:55,,,,,,,
12,150,1/4/2023 18:55,,,,,,,
12,152,1/4/2023 18:55,,,,,,,
12,160,1/4/2023 18:55,,,,,,,
12,161,1/4/2023 18:55,,,,,,,
12,164,1/4/2023 18:55,,,,,,,
12,165,1/4/2023 18:55,,,,,,,
12,166,1/4/2023 18:55,,,,,,,
12,172,1/4/2023 18:55,,,,,,,
12,173,1/4/2023 18:55,,,,,,,
12,174,1/4/2023 18:55,,,,,,,
12,177,1/4/2023 18:55,,,,,,,
12,187,1/4/2023 18:55,,,,,,,
12,192,1/4/2023 18:55,,,,,,,
12,195,1/4/2023 18:55,,,,,,,
12,196,1/4/2023 18:55,,,,,,,
12,202,1/4/2023 18:55,,,,,,,
12,203,1/4/2023 18:55,,,,,,,
12,204,1/4/2023 18:55,,,,,,,
12,205,1/4/2023 18:55,,,,,,,
12,207,1/4/2023 18:55,,,,,,,
12,210,1/4/2023 18:55,,,,,,,
12,227,1/4/2023 18:55,,,,,,,
12,232,1/4/2023 18:55,,,,,,,
12,233,1/4/2023 18:55,,,,,,,
12,234,1/4/2023 18:55,,,,,,,
12,235,1/4/2023 18:55,,,,,,,
12,237,1/4/2023 18:55,,,,,,,
12,239,1/4/2023 18:55,,,,,,,
12,241,1/4/2023 18:55,,,,,,,
12,244,1/4/2023 18:55,,,,,,,
12,250,1/4/2023 18:55,,,,,,,
12,252,1/4/2023 18:55,,,,,,,
12,253,1/4/2023 18:55,,,,,,,
12,255,1/4/2023 18:55,,,,,,,
12,256,1/4/2023 18:55,,,,,,,
12,257,1/4/2023 18:55,,,,,,,
13,4,1/4/2023 18:55,,,,,,,
13,12,1/4/2023 18:55,,,,,,,
13,13,1/4/2023 18:55,,,,,,,
13,14,1/4/2023 18:55,,,,,,,
13,19,1/4/2023 18:55,,,,,,,
13,22,1/4/2023 18:55,,,,,,,
13,25,1/4/2023 18:55,,,,,,,
13,28,1/4/2023 18:55,,,,,,,
13,31,1/4/2023 18:55,,,,,,,
13,40,1/4/2023 18:55,,,,,,,
13,41,1/4/2023 18:55,,,,,,,
13,43,1/4/2023 18:55,,,,,,,
13,47,1/4/2023 18:55,,,,,,,
13,52,1/4/2023 18:55,,,,,,,
13,53,1/4/2023 18:55,,,,,,,
13,55,1/4/2023 18:55,,,,,,,
13,56,1/4/2023 18:55,,,,,,,
13,57,1/4/2023 18:55,,,,,,,
13,61,1/4/2023 18:55,,,,,,,
13,64,1/4/2023 18:55,,,,,,,
13,65,1/4/2023 18:55,,,,,,,
13,68,1/4/2023 18:55,,,,,,,
13,70,1/4/2023 18:55,,,,,,,
13,74,1/4/2023 18:55,,,,,,,
13,75,1/4/2023 18:55,,,,,,,
13,77,1/4/2023 18:55,,,,,,,
13,80,1/4/2023 18:55,,,,,,,
13,81,1/4/2023 18:55,,,,,,,
13,82,1/4/2023 18:55,,,,,,,
13,84,1/4/2023 18:55,,,,,,,
13,85,1/4/2023 18:55,,,,,,,
13,86,1/4/2023 18:55,,,,,,,
13,88,1/4/2023 18:55,,,,,,,
13,91,1/4/2023 18:55,,,,,,,
13,106,1/4/2023 18:55,,,,,,,
13,109,1/4/2023 18:55,,,,,,,
13,124,1/4/2023 18:55,,,,,,,
13,127,1/4/2023 18:55,,,,,,,
13,133,1/4/2023 18:55,,,,,,,
13,135,1/4/2023 18:55,,,,,,,
13,136,1/4/2023 18:55,,,,,,,
13,138,1/4/2023 18:55,,,,,,,
13,139,1/4/2023 18:55,,,,,,,
13,142,1/4/2023 18:55,,,,,,,
13,143,1/4/2023 18:55,,,,,,,
13,145,1/4/2023 18:55,,,,,,,
13,148,1/4/2023 18:55,,,,,,,
13,150,1/4/2023 18:55,,,,,,,
13,152,1/4/2023 18:55,,,,,,,
13,153,1/4/2023 18:55,,,,,,,
13,158,1/4/2023 18:55,,,,,,,
13,161,1/4/2023 18:55,,,,,,,
13,162,1/4/2023 18:55,,,,,,,
13,164,1/4/2023 18:55,,,,,,,
13,168,1/4/2023 18:55,,,,,,,
13,171,1/4/2023 18:55,,,,,,,
13,172,1/4/2023 18:55,,,,,,,
13,173,1/4/2023 18:55,,,,,,,
13,174,1/4/2023 18:55,,,,,,,
13,177,1/4/2023 18:55,,,,,,,
13,179,1/4/2023 18:55,,,,,,,
13,180,1/4/2023 18:55,,,,,,,
13,181,1/4/2023 18:55,,,,,,,
13,186,1/4/2023 18:55,,,,,,,
13,192,1/4/2023 18:55,,,,,,,
13,195,1/4/2023 18:55,,,,,,,
13,198,1/4/2023 18:55,,,,,,,
13,199,1/4/2023 18:55,,,,,,,
13,201,1/4/2023 18:55,,,,,,,
13,203,1/4/2023 18:55,,,,,,,
13,207,1/4/2023 18:55,,,,,,,
13,209,1/4/2023 18:55,,,,,,,
13,210,1/4/2023 18:55,,,,,,,
13,212,1/4/2023 18:55,,,,,,,
13,214,1/4/2023 18:55,,,,,,,
13,215,1/4/2023 18:55,,,,,,,
13,216,1/4/2023 18:55,,,,,,,
13,217,1/4/2023 18:55,,,,,,,
13,221,1/4/2023 18:55,,,,,,,
13,225,1/4/2023 18:55,,,,,,,
13,226,1/4/2023 18:55,,,,,,,
13,227,1/4/2023 18:55,,,,,,,
13,229,1/4/2023 18:55,,,,,,,
13,231,1/4/2023 18:55,,,,,,,
13,238,1/4/2023 18:55,,,,,,,
13,242,1/4/2023 18:55,,,,,,,
13,243,1/4/2023 18:55,,,,,,,
13,244,1/4/2023 18:55,,,,,,,
13,250,1/4/2023 18:55,,,,,,,
13,251,1/4/2023 18:55,,,,,,,
13,253,1/4/2023 18:55,,,,,,,
13,255,1/4/2023 18:55,,,,,,,
13,256,1/4/2023 18:55,,,,,,,
14,1,1/4/2023 18:55,,,,,,,
14,2,1/4/2023 18:55,,,,,,,
14,3,1/4/2023 18:55,,,,,,,
14,4,1/4/2023 18:55,,,,,,,
14,5,1/4/2023 18:55,,,,,,,
14,6,1/4/2023 18:55,,,,,,,
14,7,1/4/2023 18:55,,,,,,,
14,8,1/4/2023 18:55,,,,,,,
14,9,1/4/2023 18:55,,,,,,,
14,10,1/4/2023 18:55,,,,,,,
14,11,1/4/2023 18:55,,,,,,,
14,12,1/4/2023 18:55,,,,,,,
14,13,1/4/2023 18:55,,,,,,,
14,14,1/4/2023 18:55,,,,,,,
14,15,1/4/2023 18:55,,,,,,,
14,16,1/4/2023 18:55,,,,,,,
14,17,1/4/2023 18:55,,,,,,,
14,18,1/4/2023 18:55,,,,,,,
14,19,1/4/2023 18:55,,,,,,,
14,20,1/4/2023 18:55,,,,,,,
14,21,1/4/2023 18:55,,,,,,,
14,22,1/4/2023 18:55,,,,,,,
14,23,1/4/2023 18:55,,,,,,,
14,24,1/4/2023 18:55,,,,,,,
14,25,1/4/2023 18:55,,,,,,,
14,26,1/4/2023 18:55,,,,,,,
14,27,1/4/2023 18:55,,,,,,,
14,28,1/4/2023 18:55,,,,,,,
14,29,1/4/2023 18:55,,,,,,,
14,30,1/4/2023 18:55,,,,,,,
14,31,1/4/2023 18:55,,,,,,,
14,32,1/4/2023 18:55,,,,,,,
14,33,1/4/2023 18:55,,,,,,,
14,34,1/4/2023 18:55,,,,,,,
14,35,1/4/2023 18:55,,,,,,,
14,36,1/4/2023 18:55,,,,,,,
14,37,1/4/2023 18:55,,,,,,,
14,38,1/4/2023 18:55,,,,,,,
14,39,1/4/2023 18:55,,,,,,,
14,40,1/4/2023 18:55,,,,,,,
14,41,1/4/2023 18:55,,,,,,,
14,42,1/4/2023 18:55,,,,,,,
14,43,1/4/2023 18:55,,,,,,,
14,44,1/4/2023 18:55,,,,,,,
14,45,1/4/2023 18:55,,,,,,,
14,46,1/4/2023 18:55,,,,,,,
14,47,1/4/2023 18:55,,,,,,,
14,48,1/4/2023 18:55,,,,,,,
14,49,1/4/2023 18:55,,,,,,,
14,50,1/4/2023 18:55,,,,,,,
14,51,1/4/2023 18:55,,,,,,,
14,52,1/4/2023 18:55,,,,,,,
14,53,1/4/2023 18:55,,,,,,,
14,54,1/4/2023 18:55,,,,,,,
14,55,1/4/2023 18:55,,,,,,,
14,56,1/4/2023 18:55,,,,,,,
14,57,1/4/2023 18:55,,,,,,,
14,58,1/4/2023 18:55,,,,,,,
14,59,1/4/2023 18:55,,,,,,,
14,60,1/4/2023 18:55,,,,,,,
14,61,1/4/2023 18:55,,,,,,,
14,62,1/4/2023 18:55,,,,,,,
14,63,1/4/2023 18:55,,,,,,,
14,64,1/4/2023 18:55,,,,,,,
14,65,1/4/2023 18:55,,,,,,,
14,66,1/4/2023 18:55,,,,,,,
14,67,1/4/2023 18:55,,,,,,,
14,68,1/4/2023 18:55,,,,,,,
14,69,1/4/2023 18:55,,,,,,,
14,70,1/4/2023 18:55,,,,,,,
14,71,1/4/2023 18:55,,,,,,,
14,72,1/4/2023 18:55,,,,,,,
14,73,1/4/2023 18:55,,,,,,,
14,74,1/4/2023 18:55,,,,,,,
14,75,1/4/2023 18:55,,,,,,,
14,76,1/4/2023 18:55,,,,,,,
14,77,1/4/2023 18:55,,,,,,,
14,78,1/4/2023 18:55,,,,,,,
14,79,1/4/2023 18:55,,,,,,,
14,80,1/4/2023 18:55,,,,,,,
14,81,1/4/2023 18:55,,,,,,,
14,82,1/4/2023 18:55,,,,,,,
14,83,1/4/2023 18:55,,,,,,,
14,84,1/4/2023 18:55,,,,,,,
14,85,1/4/2023 18:55,,,,,,,
14,86,1/4/2023 18:55,,,,,,,
14,87,1/4/2023 18:55,,,,,,,
14,88,1/4/2023 18:55,,,,,,,
14,89,1/4/2023 18:55,,,,,,,
14,90,1/4/2023 18:55,,,,,,,
14,91,1/4/2023 18:55,,,,,,,
14,92,1/4/2023 18:55,,,,,,,
14,93,1/4/2023 18:55,,,,,,,
14,94,1/4/2023 18:55,,,,,,,
14,95,1/4/2023 18:55,,,,,,,
14,96,1/4/2023 18:55,,,,,,,
14,97,1/4/2023 18:55,,,,,,,
14,98,1/4/2023 18:55,,,,,,,
14,99,1/4/2023 18:55,,,,,,,
14,100,1/4/2023 18:55,,,,,,,
14,101,1/4/2023 18:55,,,,,,,
14,102,1/4/2023 18:55,,,,,,,
14,103,1/4/2023 18:55,,,,,,,
14,104,1/4/2023 18:55,,,,,,,
14,105,1/4/2023 18:55,,,,,,,
14,106,1/4/2023 18:55,,,,,,,
14,107,1/4/2023 18:55,,,,,,,
14,108,1/4/2023 18:55,,,,,,,
14,109,1/4/2023 18:55,,,,,,,
14,110,1/4/2023 18:55,,,,,,,
14,111,1/4/2023 18:55,,,,,,,
14,112,1/4/2023 18:55,,,,,,,
14,113,1/4/2023 18:55,,,,,,,
14,114,1/4/2023 18:55,,,,,,,
14,115,1/4/2023 18:55,,,,,,,
14,116,1/4/2023 18:55,,,,,,,
14,117,1/4/2023 18:55,,,,,,,
14,118,1/4/2023 18:55,,,,,,,
14,119,1/4/2023 18:55,,,,,,,
14,120,1/4/2023 18:55,,,,,,,
14,121,1/4/2023 18:55,,,,,,,
14,122,1/4/2023 18:55,,,,,,,
14,123,1/4/2023 18:55,,,,,,,
14,124,1/4/2023 18:55,,,,,,,
14,125,1/4/2023 18:55,,,,,,,
14,126,1/4/2023 18:55,,,,,,,
14,127,1/4/2023 18:55,,,,,,,
14,128,1/4/2023 18:55,,,,,,,
14,129,1/4/2023 18:55,,,,,,,
14,130,1/4/2023 18:55,,,,,,,
14,131,1/4/2023 18:55,,,,,,,
14,132,1/4/2023 18:55,,,,,,,
14,133,1/4/2023 18:55,,,,,,,
14,134,1/4/2023 18:55,,,,,,,
14,135,1/4/2023 18:55,,,,,,,
14,136,1/4/2023 18:55,,,,,,,
14,137,1/4/2023 18:55,,,,,,,
14,138,1/4/2023 18:55,,,,,,,
14,139,1/4/2023 18:55,,,,,,,
14,140,1/4/2023 18:55,,,,,,,
14,141,1/4/2023 18:55,,,,,,,
14,142,1/4/2023 18:55,,,,,,,
14,143,1/4/2023 18:55,,,,,,,
14,144,1/4/2023 18:55,,,,,,,
14,145,1/4/2023 18:55,,,,,,,
14,146,1/4/2023 18:55,,,,,,,
14,147,1/4/2023 18:55,,,,,,,
14,148,1/4/2023 18:55,,,,,,,
14,149,1/4/2023 18:55,,,,,,,
14,150,1/4/2023 18:55,,,,,,,
14,151,1/4/2023 18:55,,,,,,,
14,152,1/4/2023 18:55,,,,,,,
14,153,1/4/2023 18:55,,,,,,,
14,154,1/4/2023 18:55,,,,,,,
14,155,1/4/2023 18:55,,,,,,,
14,156,1/4/2023 18:55,,,,,,,
14,157,1/4/2023 18:55,,,,,,,
14,158,1/4/2023 18:55,,,,,,,
14,159,1/4/2023 18:55,,,,,,,
14,160,1/4/2023 18:55,,,,,,,
14,161,1/4/2023 18:55,,,,,,,
14,162,1/4/2023 18:55,,,,,,,
14,163,1/4/2023 18:55,,,,,,,
14,164,1/4/2023 18:55,,,,,,,
14,165,1/4/2023 18:55,,,,,,,
14,166,1/4/2023 18:55,,,,,,,
14,167,1/4/2023 18:55,,,,,,,
14,168,1/4/2023 18:55,,,,,,,
14,169,1/4/2023 18:55,,,,,,,
14,170,1/4/2023 18:55,,,,,,,
14,171,1/4/2023 18:55,,,,,,,
14,172,1/4/2023 18:55,,,,,,,
14,173,1/4/2023 18:55,,,,,,,
14,174,1/4/2023 18:55,,,,,,,
14,175,1/4/2023 18:55,,,,,,,
14,176,1/4/2023 18:55,,,,,,,
14,177,1/4/2023 18:55,,,,,,,
14,178,1/4/2023 18:55,,,,,,,
14,179,1/4/2023 18:55,,,,,,,
14,180,1/4/2023 18:55,,,,,,,
14,181,1/4/2023 18:55,,,,,,,
14,182,1/4/2023 18:55,,,,,,,
14,183,1/4/2023 18:55,,,,,,,
14,184,1/4/2023 18:55,,,,,,,
14,185,1/4/2023 18:55,,,,,,,
14,186,1/4/2023 18:55,,,,,,,
14,187,1/4/2023 18:55,,,,,,,
14,188,1/4/2023 18:55,,,,,,,
14,189,1/4/2023 18:55,,,,,,,
14,190,1/4/2023 18:55,,,,,,,
14,191,1/4/2023 18:55,,,,,,,
14,192,1/4/2023 18:55,,,,,,,
14,193,1/4/2023 18:55,,,,,,,
14,194,1/4/2023 18:55,,,,,,,
14,195,1/4/2023 18:55,,,,,,,
14,196,1/4/2023 18:55,,,,,,,
14,197,1/4/2023 18:55,,,,,,,
14,198,1/4/2023 18:55,,,,,,,
14,199,1/4/2023 18:55,,,,,,,
14,200,1/4/2023 18:55,,,,,,,
14,201,1/4/2023 18:55,,,,,,,
14,202,1/4/2023 18:55,,,,,,,
14,203,1/4/2023 18:55,,,,,,,
14,204,1/4/2023 18:55,,,,,,,
14,205,1/4/2023 18:55,,,,,,,
14,206,1/4/2023 18:55,,,,,,,
14,207,1/4/2023 18:55,,,,,,,
14,208,1/4/2023 18:55,,,,,,,
14,209,1/4/2023 18:55,,,,,,,
14,210,1/4/2023 18:55,,,,,,,
14,211,1/4/2023 18:55,,,,,,,
14,212,1/4/2023 18:55,,,,,,,
14,213,1/4/2023 18:55,,,,,,,
14,214,1/4/2023 18:55,,,,,,,
14,215,1/4/2023 18:55,,,,,,,
14,216,1/4/2023 18:55,,,,,,,
14,217,1/4/2023 18:55,,,,,,,
14,218,1/4/2023 18:55,,,,,,,
14,219,1/4/2023 18:55,,,,,,,
14,220,1/4/2023 18:55,,,,,,,
14,221,1/4/2023 18:55,,,,,,,
14,222,1/4/2023 18:55,,,,,,,
14,223,1/4/2023 18:55,,,,,,,
14,224,1/4/2023 18:55,,,,,,,
14,225,1/4/2023 18:55,,,,,,,
14,226,1/4/2023 18:55,,,,,,,
14,227,1/4/2023 18:55,,,,,,,
14,228,1/4/2023 18:55,,,,,,,
14,229,1/4/2023 18:55,,,,,,,
14,230,1/4/2023 18:55,,,,,,,
14,231,1/4/2023 18:55,,,,,,,
14,232,1/4/2023 18:55,,,,,,,
14,233,1/4/2023 18:55,,,,,,,
14,234,1/4/2023 18:55,,,,,,,
14,235,1/4/2023 18:55,,,,,,,
14,236,1/4/2023 18:55,,,,,,,
14,237,1/4/2023 18:55,,,,,,,
14,238,1/4/2023 18:55,,,,,,,
14,239,1/4/2023 18:55,,,,,,,
14,240,1/4/2023 18:55,,,,,,,
14,241,1/4/2023 18:55,,,,,,,
14,242,1/4/2023 18:55,,,,,,,
14,243,1/4/2023 18:55,,,,,,,
14,244,1/4/2023 18:55,,,,,,,
14,245,1/4/2023 18:55,,,,,,,
14,246,1/4/2023 18:55,,,,,,,
14,247,1/4/2023 18:55,,,,,,,
14,248,1/4/2023 18:55,,,,,,,
14,249,1/4/2023 18:55,,,,,,,
14,250,1/4/2023 18:55,,,,,,,
14,251,1/4/2023 18:55,,,,,,,
14,252,1/4/2023 18:55,,,,,,,
14,253,1/4/2023 18:55,,,,,,,
14,254,1/4/2023 18:55,,,,,,,
14,255,1/4/2023 18:55,,,,,,,
14,256,1/4/2023 18:55,,,,,,,
14,257,1/4/2023 18:55,,,,,,,
15,3,1/4/2023 18:55,,,,,,,
15,4,1/4/2023 18:55,,,,,,,
15,9,1/4/2023 18:55,,,,,,,
15,15,1/4/2023 18:55,,,,,,,
15,23,1/4/2023 18:55,,,,,,,
15,24,1/4/2023 18:55,,,,,,,
15,25,1/4/2023 18:55,,,,,,,
15,26,1/4/2023 18:55,,,,,,,
15,31,1/4/2023 18:55,,,,,,,
15,33,1/4/2023 18:55,,,,,,,
15,35,1/4/2023 18:55,,,,,,,
15,39,1/4/2023 18:55,,,,,,,
15,43,1/4/2023 18:55,,,,,,,
15,46,1/4/2023 18:55,,,,,,,
15,49,1/4/2023 18:55,,,,,,,
15,52,1/4/2023 18:55,,,,,,,
15,60,1/4/2023 18:55,,,,,,,
15,61,1/4/2023 18:55,,,,,,,
15,65,1/4/2023 18:55,,,,,,,
15,66,1/4/2023 18:55,,,,,,,
15,67,1/4/2023 18:55,,,,,,,
15,69,1/4/2023 18:55,,,,,,,
15,70,1/4/2023 18:55,,,,,,,
15,81,1/4/2023 18:55,,,,,,,
15,84,1/4/2023 18:55,,,,,,,
15,87,1/4/2023 18:55,,,,,,,
15,90,1/4/2023 18:55,,,,,,,
15,94,1/4/2023 18:55,,,,,,,
15,96,1/4/2023 18:55,,,,,,,
15,100,1/4/2023 18:55,,,,,,,
15,101,1/4/2023 18:55,,,,,,,
15,102,1/4/2023 18:55,,,,,,,
15,105,1/4/2023 18:55,,,,,,,
15,106,1/4/2023 18:55,,,,,,,
15,107,1/4/2023 18:55,,,,,,,
15,110,1/4/2023 18:55,,,,,,,
15,113,1/4/2023 18:55,,,,,,,
15,116,1/4/2023 18:55,,,,,,,
15,117,1/4/2023 18:55,,,,,,,
15,119,1/4/2023 18:55,,,,,,,
15,120,1/4/2023 18:55,,,,,,,
15,122,1/4/2023 18:55,,,,,,,
15,123,1/4/2023 18:55,,,,,,,
15,125,1/4/2023 18:55,,,,,,,
15,127,1/4/2023 18:55,,,,,,,
15,136,1/4/2023 18:55,,,,,,,
15,137,1/4/2023 18:55,,,,,,,
15,141,1/4/2023 18:55,,,,,,,
15,147,1/4/2023 18:55,,,,,,,
15,149,1/4/2023 18:55,,,,,,,
15,150,1/4/2023 18:55,,,,,,,
15,151,1/4/2023 18:55,,,,,,,
15,152,1/4/2023 18:55,,,,,,,
15,156,1/4/2023 18:55,,,,,,,
15,161,1/4/2023 18:55,,,,,,,
15,165,1/4/2023 18:55,,,,,,,
15,169,1/4/2023 18:55,,,,,,,
15,172,1/4/2023 18:55,,,,,,,
15,175,1/4/2023 18:55,,,,,,,
15,177,1/4/2023 18:55,,,,,,,
15,181,1/4/2023 18:55,,,,,,,
15,183,1/4/2023 18:55,,,,,,,
15,184,1/4/2023 18:55,,,,,,,
15,187,1/4/2023 18:55,,,,,,,
15,190,1/4/2023 18:55,,,,,,,
15,198,1/4/2023 18:55,,,,,,,
15,204,1/4/2023 18:55,,,,,,,
15,205,1/4/2023 18:55,,,,,,,
15,206,1/4/2023 18:55,,,,,,,
15,207,1/4/2023 18:55,,,,,,,
15,208,1/4/2023 18:55,,,,,,,
15,210,1/4/2023 18:55,,,,,,,
15,211,1/4/2023 18:55,,,,,,,
15,212,1/4/2023 18:55,,,,,,,
15,213,1/4/2023 18:55,,,,,,,
15,214,1/4/2023 18:55,,,,,,,
15,217,1/4/2023 18:55,,,,,,,
15,222,1/4/2023 18:55,,,,,,,
15,225,1/4/2023 18:55,,,,,,,
15,226,1/4/2023 18:55,,,,,,,
15,228,1/4/2023 18:55,,,,,,,
15,232,1/4/2023 18:55,,,,,,,
15,236,1/4/2023 18:55,,,,,,,
15,257,1/4/2023 18:55,,,,,,,
16,6,1/4/2023 18:55,,,,,,,
16,7,1/4/2023 18:55,,,,,,,
16,8,1/4/2023 18:55,,,,,,,
16,9,1/4/2023 18:55,,,,,,,
16,13,1/4/2023 18:55,,,,,,,
16,14,1/4/2023 18:55,,,,,,,
16,15,1/4/2023 18:55,,,,,,,
16,17,1/4/2023 18:55,,,,,,,
16,20,1/4/2023 18:55,,,,,,,
16,22,1/4/2023 18:55,,,,,,,
16,24,1/4/2023 18:55,,,,,,,
16,25,1/4/2023 18:55,,,,,,,
16,26,1/4/2023 18:55,,,,,,,
16,29,1/4/2023 18:55,,,,,,,
16,30,1/4/2023 18:55,,,,,,,
16,31,1/4/2023 18:55,,,,,,,
16,32,1/4/2023 18:55,,,,,,,
16,36,1/4/2023 18:55,,,,,,,
16,38,1/4/2023 18:55,,,,,,,
16,43,1/4/2023 18:55,,,,,,,
16,44,1/4/2023 18:55,,,,,,,
16,45,1/4/2023 18:55,,,,,,,
16,49,1/4/2023 18:55,,,,,,,
16,53,1/4/2023 18:55,,,,,,,
16,57,1/4/2023 18:55,,,,,,,
16,60,1/4/2023 18:55,,,,,,,
16,61,1/4/2023 18:55,,,,,,,
16,62,1/4/2023 18:55,,,,,,,
16,67,1/4/2023 18:55,,,,,,,
16,71,1/4/2023 18:55,,,,,,,
16,75,1/4/2023 18:55,,,,,,,
16,78,1/4/2023 18:55,,,,,,,
16,79,1/4/2023 18:55,,,,,,,
16,81,1/4/2023 18:55,,,,,,,
16,82,1/4/2023 18:55,,,,,,,
16,83,1/4/2023 18:55,,,,,,,
16,86,1/4/2023 18:55,,,,,,,
16,88,1/4/2023 18:55,,,,,,,
16,90,1/4/2023 18:55,,,,,,,
16,91,1/4/2023 18:55,,,,,,,
16,93,1/4/2023 18:55,,,,,,,
16,94,1/4/2023 18:55,,,,,,,
16,98,1/4/2023 18:55,,,,,,,
16,103,1/4/2023 18:55,,,,,,,
16,106,1/4/2023 18:55,,,,,,,
16,112,1/4/2023 18:55,,,,,,,
16,113,1/4/2023 18:55,,,,,,,
16,116,1/4/2023 18:55,,,,,,,
16,118,1/4/2023 18:55,,,,,,,
16,121,1/4/2023 18:55,,,,,,,
16,122,1/4/2023 18:55,,,,,,,
16,123,1/4/2023 18:55,,,,,,,
16,124,1/4/2023 18:55,,,,,,,
16,125,1/4/2023 18:55,,,,,,,
16,126,1/4/2023 18:55,,,,,,,
16,129,1/4/2023 18:55,,,,,,,
16,130,1/4/2023 18:55,,,,,,,
16,132,1/4/2023 18:55,,,,,,,
16,133,1/4/2023 18:55,,,,,,,
16,136,1/4/2023 18:55,,,,,,,
16,137,1/4/2023 18:55,,,,,,,
16,139,1/4/2023 18:55,,,,,,,
16,145,1/4/2023 18:55,,,,,,,
16,147,1/4/2023 18:55,,,,,,,
16,148,1/4/2023 18:55,,,,,,,
16,150,1/4/2023 18:55,,,,,,,
16,155,1/4/2023 18:55,,,,,,,
16,160,1/4/2023 18:55,,,,,,,
16,166,1/4/2023 18:55,,,,,,,
16,169,1/4/2023 18:55,,,,,,,
16,171,1/4/2023 18:55,,,,,,,
16,173,1/4/2023 18:55,,,,,,,
16,174,1/4/2023 18:55,,,,,,,
16,177,1/4/2023 18:55,,,,,,,
16,178,1/4/2023 18:55,,,,,,,
16,180,1/4/2023 18:55,,,,,,,
16,181,1/4/2023 18:55,,,,,,,
16,185,1/4/2023 18:55,,,,,,,
16,189,1/4/2023 18:55,,,,,,,
16,192,1/4/2023 18:55,,,,,,,
16,195,1/4/2023 18:55,,,,,,,
16,196,1/4/2023 18:55,,,,,,,
16,197,1/4/2023 18:55,,,,,,,
16,198,1/4/2023 18:55,,,,,,,
16,203,1/4/2023 18:55,,,,,,,
16,205,1/4/2023 18:55,,,,,,,
16,206,1/4/2023 18:55,,,,,,,
16,209,1/4/2023 18:55,,,,,,,
16,212,1/4/2023 18:55,,,,,,,
16,214,1/4/2023 18:55,,,,,,,
16,215,1/4/2023 18:55,,,,,,,
16,219,1/4/2023 18:55,,,,,,,
16,224,1/4/2023 18:55,,,,,,,
16,230,1/4/2023 18:55,,,,,,,
16,238,1/4/2023 18:55,,,,,,,
16,239,1/4/2023 18:55,,,,,,,
16,240,1/4/2023 18:55,,,,,,,
16,243,1/4/2023 18:55,,,,,,,
16,244,1/4/2023 18:55,,,,,,,
16,249,1/4/2023 18:55,,,,,,,
16,252,1/4/2023 18:55,,,,,,,
16,254,1/4/2023 18:55,,,,,,,
16,256,1/4/2023 18:55,,,,,,,
17,2,1/4/2023 18:55,,,,,,,
17,4,1/4/2023 18:55,,,,,,,
17,5,1/4/2023 18:55,,,,,,,
17,10,1/4/2023 18:55,,,,,,,
17,11,1/4/2023 18:55,,,,,,,
17,14,1/4/2023 18:55,,,,,,,
17,16,1/4/2023 18:55,,,,,,,
17,20,1/4/2023 18:55,,,,,,,
17,21,1/4/2023 18:55,,,,,,,
17,22,1/4/2023 18:55,,,,,,,
17,25,1/4/2023 18:55,,,,,,,
17,28,1/4/2023 18:55,,,,,,,
17,34,1/4/2023 18:55,,,,,,,
17,37,1/4/2023 18:55,,,,,,,
17,41,1/4/2023 18:55,,,,,,,
17,46,1/4/2023 18:55,,,,,,,
17,49,1/4/2023 18:55,,,,,,,
17,52,1/4/2023 18:55,,,,,,,
17,53,1/4/2023 18:55,,,,,,,
17,54,1/4/2023 18:55,,,,,,,
17,58,1/4/2023 18:55,,,,,,,
17,59,1/4/2023 18:55,,,,,,,
17,64,1/4/2023 18:55,,,,,,,
17,67,1/4/2023 18:55,,,,,,,
17,68,1/4/2023 18:55,,,,,,,
17,72,1/4/2023 18:55,,,,,,,
17,76,1/4/2023 18:55,,,,,,,
17,79,1/4/2023 18:55,,,,,,,
17,81,1/4/2023 18:55,,,,,,,
17,83,1/4/2023 18:55,,,,,,,
17,84,1/4/2023 18:55,,,,,,,
17,92,1/4/2023 18:55,,,,,,,
17,93,1/4/2023 18:55,,,,,,,
17,96,1/4/2023 18:55,,,,,,,
17,97,1/4/2023 18:55,,,,,,,
17,98,1/4/2023 18:55,,,,,,,
17,106,1/4/2023 18:55,,,,,,,
17,112,1/4/2023 18:55,,,,,,,
17,114,1/4/2023 18:55,,,,,,,
17,117,1/4/2023 18:55,,,,,,,
17,120,1/4/2023 18:55,,,,,,,
17,122,1/4/2023 18:55,,,,,,,
17,123,1/4/2023 18:55,,,,,,,
17,129,1/4/2023 18:55,,,,,,,
17,131,1/4/2023 18:55,,,,,,,
17,133,1/4/2023 18:55,,,,,,,
17,134,1/4/2023 18:55,,,,,,,
17,140,1/4/2023 18:55,,,,,,,
17,142,1/4/2023 18:55,,,,,,,
17,144,1/4/2023 18:55,,,,,,,
17,145,1/4/2023 18:55,,,,,,,
17,155,1/4/2023 18:55,,,,,,,
17,159,1/4/2023 18:55,,,,,,,
17,165,1/4/2023 18:55,,,,,,,
17,166,1/4/2023 18:55,,,,,,,
17,170,1/4/2023 18:55,,,,,,,
17,171,1/4/2023 18:55,,,,,,,
17,175,1/4/2023 18:55,,,,,,,
17,176,1/4/2023 18:55,,,,,,,
17,180,1/4/2023 18:55,,,,,,,
17,193,1/4/2023 18:55,,,,,,,
17,195,1/4/2023 18:55,,,,,,,
17,198,1/4/2023 18:55,,,,,,,
17,199,1/4/2023 18:55,,,,,,,
17,200,1/4/2023 18:55,,,,,,,
17,202,1/4/2023 18:55,,,,,,,
17,203,1/4/2023 18:55,,,,,,,
17,210,1/4/2023 18:55,,,,,,,
17,211,1/4/2023 18:55,,,,,,,
17,218,1/4/2023 18:55,,,,,,,
17,220,1/4/2023 18:55,,,,,,,
17,223,1/4/2023 18:55,,,,,,,
17,224,1/4/2023 18:55,,,,,,,
17,231,1/4/2023 18:55,,,,,,,
17,234,1/4/2023 18:55,,,,,,,
17,241,1/4/2023 18:55,,,,,,,
17,242,1/4/2023 18:55,,,,,,,
17,248,1/4/2023 18:55,,,,,,,
18,13,1/4/2023 18:55,,,,,,,
18,18,1/4/2023 18:55,,,,,,,
18,21,1/4/2023 18:55,,,,,,,
18,24,1/4/2023 18:55,,,,,,,
18,30,1/4/2023 18:55,,,,,,,
18,36,1/4/2023 18:55,,,,,,,
18,39,1/4/2023 18:55,,,,,,,
18,40,1/4/2023 18:55,,,,,,,
18,42,1/4/2023 18:55,,,,,,,
18,44,1/4/2023 18:55,,,,,,,
18,47,1/4/2023 18:55,,,,,,,
18,49,1/4/2023 18:55,,,,,,,
18,52,1/4/2023 18:55,,,,,,,
18,54,1/4/2023 18:55,,,,,,,
18,58,1/4/2023 18:55,,,,,,,
18,59,1/4/2023 18:55,,,,,,,
18,67,1/4/2023 18:55,,,,,,,
18,69,1/4/2023 18:55,,,,,,,
18,71,1/4/2023 18:55,,,,,,,
18,73,1/4/2023 18:55,,,,,,,
18,78,1/4/2023 18:55,,,,,,,
18,79,1/4/2023 18:55,,,,,,,
18,82,1/4/2023 18:55,,,,,,,
18,83,1/4/2023 18:55,,,,,,,
18,87,1/4/2023 18:55,,,,,,,
18,91,1/4/2023 18:55,,,,,,,
18,98,1/4/2023 18:55,,,,,,,
18,99,1/4/2023 18:55,,,,,,,
18,100,1/4/2023 18:55,,,,,,,
18,107,1/4/2023 18:55,,,,,,,
18,108,1/4/2023 18:55,,,,,,,
18,119,1/4/2023 18:55,,,,,,,
18,120,1/4/2023 18:55,,,,,,,
18,124,1/4/2023 18:55,,,,,,,
18,125,1/4/2023 18:55,,,,,,,
18,131,1/4/2023 18:55,,,,,,,
18,132,1/4/2023 18:55,,,,,,,
18,134,1/4/2023 18:55,,,,,,,
18,137,1/4/2023 18:55,,,,,,,
18,143,1/4/2023 18:55,,,,,,,
18,144,1/4/2023 18:55,,,,,,,
18,145,1/4/2023 18:55,,,,,,,
18,147,1/4/2023 18:55,,,,,,,
18,151,1/4/2023 18:55,,,,,,,
18,155,1/4/2023 18:55,,,,,,,
18,157,1/4/2023 18:55,,,,,,,
18,160,1/4/2023 18:55,,,,,,,
18,163,1/4/2023 18:55,,,,,,,
18,170,1/4/2023 18:55,,,,,,,
18,171,1/4/2023 18:55,,,,,,,
18,172,1/4/2023 18:55,,,,,,,
18,174,1/4/2023 18:55,,,,,,,
18,177,1/4/2023 18:55,,,,,,,
18,178,1/4/2023 18:55,,,,,,,
18,183,1/4/2023 18:55,,,,,,,
18,185,1/4/2023 18:55,,,,,,,
18,188,1/4/2023 18:55,,,,,,,
18,198,1/4/2023 18:55,,,,,,,
18,200,1/4/2023 18:55,,,,,,,
18,201,1/4/2023 18:55,,,,,,,
18,203,1/4/2023 18:55,,,,,,,
18,204,1/4/2023 18:55,,,,,,,
18,205,1/4/2023 18:55,,,,,,,
18,208,1/4/2023 18:55,,,,,,,
18,209,1/4/2023 18:55,,,,,,,
18,210,1/4/2023 18:55,,,,,,,
18,213,1/4/2023 18:55,,,,,,,
18,214,1/4/2023 18:55,,,,,,,
18,218,1/4/2023 18:55,,,,,,,
18,219,1/4/2023 18:55,,,,,,,
18,222,1/4/2023 18:55,,,,,,,
18,225,1/4/2023 18:55,,,,,,,
18,231,1/4/2023 18:55,,,,,,,
18,234,1/4/2023 18:55,,,,,,,
18,235,1/4/2023 18:55,,,,,,,
18,236,1/4/2023 18:55,,,,,,,
18,237,1/4/2023 18:55,,,,,,,
18,242,1/4/2023 18:55,,,,,,,
18,248,1/4/2023 18:55,,,,,,,
18,250,1/4/2023 18:55,,,,,,,
18,251,1/4/2023 18:55,,,,,,,
18,257,1/4/2023 18:55,,,,,,,
19,1,1/4/2023 18:55,,,,,,,
19,2,1/4/2023 18:55,,,,,,,
19,6,1/4/2023 18:55,,,,,,,
19,7,1/4/2023 18:55,,,,,,,
19,8,1/4/2023 18:55,,,,,,,
19,9,1/4/2023 18:55,,,,,,,
19,10,1/4/2023 18:55,,,,,,,
19,13,1/4/2023 18:55,,,,,,,
19,14,1/4/2023 18:55,,,,,,,
19,15,1/4/2023 18:55,,,,,,,
19,24,1/4/2023 18:55,,,,,,,
19,25,1/4/2023 18:55,,,,,,,
19,27,1/4/2023 18:55,,,,,,,
19,28,1/4/2023 18:55,,,,,,,
19,32,1/4/2023 18:55,,,,,,,
19,38,1/4/2023 18:55,,,,,,,
19,41,1/4/2023 18:55,,,,,,,
19,50,1/4/2023 18:55,,,,,,,
19,55,1/4/2023 18:55,,,,,,,
19,57,1/4/2023 18:55,,,,,,,
19,58,1/4/2023 18:55,,,,,,,
19,59,1/4/2023 18:55,,,,,,,
19,61,1/4/2023 18:55,,,,,,,
19,71,1/4/2023 18:55,,,,,,,
19,80,1/4/2023 18:55,,,,,,,
19,82,1/4/2023 18:55,,,,,,,
19,83,1/4/2023 18:55,,,,,,,
19,84,1/4/2023 18:55,,,,,,,
19,85,1/4/2023 18:55,,,,,,,
19,86,1/4/2023 18:55,,,,,,,
19,87,1/4/2023 18:55,,,,,,,
19,89,1/4/2023 18:55,,,,,,,
19,97,1/4/2023 18:55,,,,,,,
19,101,1/4/2023 18:55,,,,,,,
19,103,1/4/2023 18:55,,,,,,,
19,104,1/4/2023 18:55,,,,,,,
19,105,1/4/2023 18:55,,,,,,,
19,113,1/4/2023 18:55,,,,,,,
19,114,1/4/2023 18:55,,,,,,,
19,118,1/4/2023 18:55,,,,,,,
19,119,1/4/2023 18:55,,,,,,,
19,121,1/4/2023 18:55,,,,,,,
19,123,1/4/2023 18:55,,,,,,,
19,125,1/4/2023 18:55,,,,,,,
19,126,1/4/2023 18:55,,,,,,,
19,130,1/4/2023 18:55,,,,,,,
19,133,1/4/2023 18:55,,,,,,,
19,136,1/4/2023 18:55,,,,,,,
19,142,1/4/2023 18:55,,,,,,,
19,146,1/4/2023 18:55,,,,,,,
19,148,1/4/2023 18:55,,,,,,,
19,149,1/4/2023 18:55,,,,,,,
19,150,1/4/2023 18:55,,,,,,,
19,151,1/4/2023 18:55,,,,,,,
19,153,1/4/2023 18:55,,,,,,,
19,157,1/4/2023 18:55,,,,,,,
19,160,1/4/2023 18:55,,,,,,,
19,162,1/4/2023 18:55,,,,,,,
19,165,1/4/2023 18:55,,,,,,,
19,166,1/4/2023 18:55,,,,,,,
19,169,1/4/2023 18:55,,,,,,,
19,175,1/4/2023 18:55,,,,,,,
19,178,1/4/2023 18:55,,,,,,,
19,180,1/4/2023 18:55,,,,,,,
19,181,1/4/2023 18:55,,,,,,,
19,182,1/4/2023 18:55,,,,,,,
19,184,1/4/2023 18:55,,,,,,,
19,186,1/4/2023 18:55,,,,,,,
19,188,1/4/2023 18:55,,,,,,,
19,189,1/4/2023 18:55,,,,,,,
19,191,1/4/2023 18:55,,,,,,,
19,197,1/4/2023 18:55,,,,,,,
19,200,1/4/2023 18:55,,,,,,,
19,204,1/4/2023 18:55,,,,,,,
19,205,1/4/2023 18:55,,,,,,,
19,206,1/4/2023 18:55,,,,,,,
19,207,1/4/2023 18:55,,,,,,,
19,212,1/4/2023 18:55,,,,,,,
19,213,1/4/2023 18:55,,,,,,,
19,215,1/4/2023 18:55,,,,,,,
19,217,1/4/2023 18:55,,,,,,,
19,232,1/4/2023 18:55,,,,,,,
19,235,1/4/2023 18:55,,,,,,,
19,241,1/4/2023 18:55,,,,,,,
19,242,1/4/2023 18:55,,,,,,,
19,244,1/4/2023 18:55,,,,,,,
19,251,1/4/2023 18:55,,,,,,,
19,252,1/4/2023 18:55,,,,,,,
19,255,1/4/2023 18:55,,,,,,,
19,256,1/4/2023 18:55,,,,,,,
20,3,1/4/2023 18:55,,,,,,,
20,4,1/4/2023 18:55,,,,,,,
20,10,1/4/2023 18:55,,,,,,,
20,11,1/4/2023 18:55,,,,,,,
20,12,1/4/2023 18:55,,,,,,,
20,13,1/4/2023 18:55,,,,,,,
20,15,1/4/2023 18:55,,,,,,,
20,16,1/4/2023 18:55,,,,,,,
20,19,1/4/2023 18:55,,,,,,,
20,20,1/4/2023 18:55,,,,,,,
20,21,1/4/2023 18:55,,,,,,,
20,27,1/4/2023 18:55,,,,,,,
20,28,1/4/2023 18:55,,,,,,,
20,35,1/4/2023 18:55,,,,,,,
20,42,1/4/2023 18:55,,,,,,,
20,45,1/4/2023 18:55,,,,,,,
20,47,1/4/2023 18:55,,,,,,,
20,48,1/4/2023 18:55,,,,,,,
20,53,1/4/2023 18:55,,,,,,,
20,56,1/4/2023 18:55,,,,,,,
20,57,1/4/2023 18:55,,,,,,,
20,59,1/4/2023 18:55,,,,,,,
20,63,1/4/2023 18:55,,,,,,,
20,64,1/4/2023 18:55,,,,,,,
20,66,1/4/2023 18:55,,,,,,,
20,67,1/4/2023 18:55,,,,,,,
20,71,1/4/2023 18:55,,,,,,,
20,76,1/4/2023 18:55,,,,,,,
20,86,1/4/2023 18:55,,,,,,,
20,97,1/4/2023 18:55,,,,,,,
20,99,1/4/2023 18:55,,,,,,,
20,102,1/4/2023 18:55,,,,,,,
20,112,1/4/2023 18:55,,,,,,,
20,113,1/4/2023 18:55,,,,,,,
20,114,1/4/2023 18:55,,,,,,,
20,115,1/4/2023 18:55,,,,,,,
20,119,1/4/2023 18:55,,,,,,,
20,123,1/4/2023 18:55,,,,,,,
20,125,1/4/2023 18:55,,,,,,,
20,127,1/4/2023 18:55,,,,,,,
20,131,1/4/2023 18:55,,,,,,,
20,134,1/4/2023 18:55,,,,,,,
20,137,1/4/2023 18:55,,,,,,,
20,140,1/4/2023 18:55,,,,,,,
20,142,1/4/2023 18:55,,,,,,,
20,143,1/4/2023 18:55,,,,,,,
20,144,1/4/2023 18:55,,,,,,,
20,145,1/4/2023 18:55,,,,,,,
20,146,1/4/2023 18:55,,,,,,,
20,147,1/4/2023 18:55,,,,,,,
20,149,1/4/2023 18:55,,,,,,,
20,152,1/4/2023 18:55,,,,,,,
20,153,1/4/2023 18:55,,,,,,,
20,154,1/4/2023 18:55,,,,,,,
20,157,1/4/2023 18:55,,,,,,,
20,159,1/4/2023 18:55,,,,,,,
20,162,1/4/2023 18:55,,,,,,,
20,163,1/4/2023 18:55,,,,,,,
20,165,1/4/2023 18:55,,,,,,,
20,168,1/4/2023 18:55,,,,,,,
20,171,1/4/2023 18:55,,,,,,,
20,173,1/4/2023 18:55,,,,,,,
20,176,1/4/2023 18:55,,,,,,,
20,181,1/4/2023 18:55,,,,,,,
20,190,1/4/2023 18:55,,,,,,,
20,194,1/4/2023 18:55,,,,,,,
20,203,1/4/2023 18:55,,,,,,,
20,205,1/4/2023 18:55,,,,,,,
20,206,1/4/2023 18:55,,,,,,,
20,208,1/4/2023 18:55,,,,,,,
20,209,1/4/2023 18:55,,,,,,,
20,212,1/4/2023 18:55,,,,,,,
20,213,1/4/2023 18:55,,,,,,,
20,219,1/4/2023 18:55,,,,,,,
20,224,1/4/2023 18:55,,,,,,,
20,229,1/4/2023 18:55,,,,,,,
20,230,1/4/2023 18:55,,,,,,,
20,237,1/4/2023 18:55,,,,,,,
20,239,1/4/2023 18:55,,,,,,,
20,240,1/4/2023 18:55,,,,,,,
20,242,1/4/2023 18:55,,,,,,,
20,244,1/4/2023 18:55,,,,,,,
20,245,1/4/2023 18:55,,,,,,,
20,247,1/4/2023 18:55,,,,,,,
20,249,1/4/2023 18:55,,,,,,,
20,256,1/4/2023 18:55,,,,,,,
20,257,1/4/2023 18:55,,,,,,,
21,1,1/4/2023 18:55,,,,,,,
21,2,1/4/2023 18:55,,,,,,,
21,3,1/4/2023 18:55,,,,,,,
21,4,1/4/2023 18:55,,,,,,,
21,5,1/4/2023 18:55,,,,,,,
21,6,1/4/2023 18:55,,,,,,,
21,7,1/4/2023 18:55,,,,,,,
21,8,1/4/2023 18:55,,,,,,,
21,9,1/4/2023 18:55,,,,,,,
21,10,1/4/2023 18:55,,,,,,,
21,11,1/4/2023 18:55,,,,,,,
21,12,1/4/2023 18:55,,,,,,,
21,13,1/4/2023 18:55,,,,,,,
21,14,1/4/2023 18:55,,,,,,,
21,15,1/4/2023 18:55,,,,,,,
21,16,1/4/2023 18:55,,,,,,,
21,17,1/4/2023 18:55,,,,,,,
21,18,1/4/2023 18:55,,,,,,,
21,19,1/4/2023 18:55,,,,,,,
21,20,1/4/2023 18:55,,,,,,,
21,21,1/4/2023 18:55,,,,,,,
21,22,1/4/2023 18:55,,,,,,,
21,23,1/4/2023 18:55,,,,,,,
21,24,1/4/2023 18:55,,,,,,,
21,25,1/4/2023 18:55,,,,,,,
21,26,1/4/2023 18:55,,,,,,,
21,27,1/4/2023 18:55,,,,,,,
21,28,1/4/2023 18:55,,,,,,,
21,29,1/4/2023 18:55,,,,,,,
21,30,1/4/2023 18:55,,,,,,,
21,31,1/4/2023 18:55,,,,,,,
21,32,1/4/2023 18:55,,,,,,,
21,33,1/4/2023 18:55,,,,,,,
21,34,1/4/2023 18:55,,,,,,,
21,35,1/4/2023 18:55,,,,,,,
21,36,1/4/2023 18:55,,,,,,,
21,37,1/4/2023 18:55,,,,,,,
21,38,1/4/2023 18:55,,,,,,,
21,39,1/4/2023 18:55,,,,,,,
21,40,1/4/2023 18:55,,,,,,,
21,41,1/4/2023 18:55,,,,,,,
21,42,1/4/2023 18:55,,,,,,,
21,43,1/4/2023 18:55,,,,,,,
21,44,1/4/2023 18:55,,,,,,,
21,45,1/4/2023 18:55,,,,,,,
21,46,1/4/2023 18:55,,,,,,,
21,47,1/4/2023 18:55,,,,,,,
21,48,1/4/2023 18:55,,,,,,,
21,49,1/4/2023 18:55,,,,,,,
21,50,1/4/2023 18:55,,,,,,,
21,51,1/4/2023 18:55,,,,,,,
21,52,1/4/2023 18:55,,,,,,,
21,53,1/4/2023 18:55,,,,,,,
21,54,1/4/2023 18:55,,,,,,,
21,55,1/4/2023 18:55,,,,,,,
21,56,1/4/2023 18:55,,,,,,,
21,57,1/4/2023 18:55,,,,,,,
21,58,1/4/2023 18:55,,,,,,,
21,59,1/4/2023 18:55,,,,,,,
21,60,1/4/2023 18:55,,,,,,,
21,61,1/4/2023 18:55,,,,,,,
21,62,1/4/2023 18:55,,,,,,,
21,63,1/4/2023 18:55,,,,,,,
21,64,1/4/2023 18:55,,,,,,,
21,65,1/4/2023 18:55,,,,,,,
21,66,1/4/2023 18:55,,,,,,,
21,67,1/4/2023 18:55,,,,,,,
21,68,1/4/2023 18:55,,,,,,,
21,69,1/4/2023 18:55,,,,,,,
21,70,1/4/2023 18:55,,,,,,,
21,71,1/4/2023 18:55,,,,,,,
21,72,1/4/2023 18:55,,,,,,,
21,73,1/4/2023 18:55,,,,,,,
21,74,1/4/2023 18:55,,,,,,,
21,75,1/4/2023 18:55,,,,,,,
21,76,1/4/2023 18:55,,,,,,,
21,77,1/4/2023 18:55,,,,,,,
21,78,1/4/2023 18:55,,,,,,,
21,79,1/4/2023 18:55,,,,,,,
21,80,1/4/2023 18:55,,,,,,,
21,81,1/4/2023 18:55,,,,,,,
21,82,1/4/2023 18:55,,,,,,,
21,83,1/4/2023 18:55,,,,,,,
21,84,1/4/2023 18:55,,,,,,,
21,85,1/4/2023 18:55,,,,,,,
21,86,1/4/2023 18:55,,,,,,,
21,87,1/4/2023 18:55,,,,,,,
21,88,1/4/2023 18:55,,,,,,,
21,89,1/4/2023 18:55,,,,,,,
21,90,1/4/2023 18:55,,,,,,,
21,91,1/4/2023 18:55,,,,,,,
21,92,1/4/2023 18:55,,,,,,,
21,93,1/4/2023 18:55,,,,,,,
21,94,1/4/2023 18:55,,,,,,,
21,95,1/4/2023 18:55,,,,,,,
21,96,1/4/2023 18:55,,,,,,,
21,97,1/4/2023 18:55,,,,,,,
21,98,1/4/2023 18:55,,,,,,,
21,99,1/4/2023 18:55,,,,,,,
21,100,1/4/2023 18:55,,,,,,,
21,101,1/4/2023 18:55,,,,,,,
21,102,1/4/2023 18:55,,,,,,,
21,103,1/4/2023 18:55,,,,,,,
21,104,1/4/2023 18:55,,,,,,,
