follower_id,followee_id,created_at
2,1,"Wednesday, January 4, 2023 18:55:06"
2,3,1/4/2023 18:55
2,4,1/4/2023 18:55
2,5,1/4/2023 18:55
2,6,1/4/2023 18:55
2,7,1/4/2023 18:55
2,8,1/4/2023 18:55
2,9,1/4/2023 18:55
2,10,1/4/2023 18:55
2,11,1/4/2023 18:55
2,12,1/4/2023 18:55
2,13,1/4/2023 18:55
2,14,1/4/2023 18:55
2,15,1/4/2023 18:55
2,16,1/4/2023 18:55
2,17,1/4/2023 18:55
2,18,1/4/2023 18:55
2,19,1/4/2023 18:55
2,20,1/4/2023 18:55
2,21,1/4/2023 18:55
2,22,1/4/2023 18:55
2,23,1/4/2023 18:55
2,24,1/4/2023 18:55
2,25,1/4/2023 18:55
2,26,1/4/2023 18:55
2,27,1/4/2023 18:55
2,28,1/4/2023 18:55
2,29,1/4/2023 18:55
2,30,1/4/2023 18:55
2,31,1/4/2023 18:55
2,32,1/4/2023 18:55
2,33,1/4/2023 18:55
2,34,1/4/2023 18:55
2,35,1/4/2023 18:55
2,36,1/4/2023 18:55
2,37,1/4/2023 18:55
2,38,1/4/2023 18:55
2,39,1/4/2023 18:55
2,40,1/4/2023 18:55
2,41,1/4/2023 18:55
2,42,1/4/2023 18:55
2,43,1/4/2023 18:55
2,44,1/4/2023 18:55
2,45,1/4/2023 18:55
2,46,1/4/2023 18:55
2,47,1/4/2023 18:55
2,48,1/4/2023 18:55
2,49,1/4/2023 18:55
2,50,1/4/2023 18:55
2,51,1/4/2023 18:55
2,52,1/4/2023 18:55
2,53,1/4/2023 18:55
2,54,1/4/2023 18:55
2,55,1/4/2023 18:55
2,56,1/4/2023 18:55
2,57,1/4/2023 18:55
2,58,1/4/2023 18:55
2,59,1/4/2023 18:55
2,60,1/4/2023 18:55
2,61,1/4/2023 18:55
2,62,1/4/2023 18:55
2,63,1/4/2023 18:55
2,64,1/4/2023 18:55
2,65,1/4/2023 18:55
2,66,1/4/2023 18:55
2,67,1/4/2023 18:55
2,68,1/4/2023 18:55
2,69,1/4/2023 18:55
2,70,1/4/2023 18:55
2,71,1/4/2023 18:55
2,72,1/4/2023 18:55
2,73,1/4/2023 18:55
2,74,1/4/2023 18:55
2,75,1/4/2023 18:55
2,76,1/4/2023 18:55
2,77,1/4/2023 18:55
2,78,1/4/2023 18:55
2,79,1/4/2023 18:55
2,80,1/4/2023 18:55
2,81,1/4/2023 18:55
2,82,1/4/2023 18:55
2,83,1/4/2023 18:55
2,84,1/4/2023 18:55
2,85,1/4/2023 18:55
2,86,1/4/2023 18:55
2,87,1/4/2023 18:55
2,88,1/4/2023 18:55
2,89,1/4/2023 18:55
2,90,1/4/2023 18:55
2,91,1/4/2023 18:55
2,92,1/4/2023 18:55
2,93,1/4/2023 18:55
2,94,1/4/2023 18:55
2,95,1/4/2023 18:55
2,96,1/4/2023 18:55
2,97,1/4/2023 18:55
2,98,1/4/2023 18:55
2,99,1/4/2023 18:55
2,100,1/4/2023 18:55
3,1,1/4/2023 18:55
3,2,1/4/2023 18:55
3,4,1/4/2023 18:55
3,5,1/4/2023 18:55
3,6,1/4/2023 18:55
3,7,1/4/2023 18:55
3,8,1/4/2023 18:55
3,9,1/4/2023 18:55
3,10,1/4/2023 18:55
3,11,1/4/2023 18:55
3,12,1/4/2023 18:55
3,13,1/4/2023 18:55
3,14,1/4/2023 18:55
3,15,1/4/2023 18:55
3,16,1/4/2023 18:55
3,17,1/4/2023 18:55
3,18,1/4/2023 18:55
3,19,1/4/2023 18:55
3,20,1/4/2023 18:55
3,21,1/4/2023 18:55
3,22,1/4/2023 18:55
3,23,1/4/2023 18:55
3,24,1/4/2023 18:55
3,25,1/4/2023 18:55
3,26,1/4/2023 18:55
3,27,1/4/2023 18:55
3,28,1/4/2023 18:55
3,29,1/4/2023 18:55
3,30,1/4/2023 18:55
3,31,1/4/2023 18:55
3,32,1/4/2023 18:55
3,33,1/4/2023 18:55
3,34,1/4/2023 18:55
3,35,1/4/2023 18:55
3,36,1/4/2023 18:55
3,37,1/4/2023 18:55
3,38,1/4/2023 18:55
3,39,1/4/2023 18:55
3,40,1/4/2023 18:55
3,41,1/4/2023 18:55
3,42,1/4/2023 18:55
3,43,1/4/2023 18:55
3,44,1/4/2023 18:55
3,45,1/4/2023 18:55
3,46,1/4/2023 18:55
3,47,1/4/2023 18:55
3,48,1/4/2023 18:55
3,49,1/4/2023 18:55
3,50,1/4/2023 18:55
3,51,1/4/2023 18:55
3,52,1/4/2023 18:55
3,53,1/4/2023 18:55
3,54,1/4/2023 18:55
3,55,1/4/2023 18:55
3,56,1/4/2023 18:55
3,57,1/4/2023 18:55
3,58,1/4/2023 18:55
3,59,1/4/2023 18:55
3,60,1/4/2023 18:55
3,61,1/4/2023 18:55
3,62,1/4/2023 18:55
3,63,1/4/2023 18:55
3,64,1/4/2023 18:55
3,65,1/4/2023 18:55
3,66,1/4/2023 18:55
3,67,1/4/2023 18:55
3,68,1/4/2023 18:55
3,69,1/4/2023 18:55
3,70,1/4/2023 18:55
3,71,1/4/2023 18:55
3,72,1/4/2023 18:55
3,73,1/4/2023 18:55
3,74,1/4/2023 18:55
3,75,1/4/2023 18:55
3,76,1/4/2023 18:55
3,77,1/4/2023 18:55
3,78,1/4/2023 18:55
3,79,1/4/2023 18:55
3,80,1/4/2023 18:55
3,81,1/4/2023 18:55
3,82,1/4/2023 18:55
3,83,1/4/2023 18:55
3,84,1/4/2023 18:55
3,85,1/4/2023 18:55
3,86,1/4/2023 18:55
3,87,1/4/2023 18:55
3,88,1/4/2023 18:55
3,89,1/4/2023 18:55
3,90,1/4/2023 18:55
3,91,1/4/2023 18:55
3,92,1/4/2023 18:55
3,93,1/4/2023 18:55
3,94,1/4/2023 18:55
3,95,1/4/2023 18:55
3,96,1/4/2023 18:55
3,97,1/4/2023 18:55
3,98,1/4/2023 18:55
3,99,1/4/2023 18:55
3,100,1/4/2023 18:55
4,1,1/4/2023 18:55
4,2,1/4/2023 18:55
4,3,1/4/2023 18:55
4,5,1/4/2023 18:55
4,6,1/4/2023 18:55
4,7,1/4/2023 18:55
4,8,1/4/2023 18:55
4,9,1/4/2023 18:55
4,10,1/4/2023 18:55
4,11,1/4/2023 18:55
4,12,1/4/2023 18:55
4,13,1/4/2023 18:55
4,14,1/4/2023 18:55
4,15,1/4/2023 18:55
4,16,1/4/2023 18:55
4,17,1/4/2023 18:55
4,18,1/4/2023 18:55
4,19,1/4/2023 18:55
4,20,1/4/2023 18:55
4,21,1/4/2023 18:55
4,22,1/4/2023 18:55
4,23,1/4/2023 18:55
4,24,1/4/2023 18:55
4,25,1/4/2023 18:55
4,26,1/4/2023 18:55
4,27,1/4/2023 18:55
4,28,1/4/2023 18:55
4,29,1/4/2023 18:55
4,30,1/4/2023 18:55
4,31,1/4/2023 18:55
4,32,1/4/2023 18:55
4,33,1/4/2023 18:55
4,34,1/4/2023 18:55
4,35,1/4/2023 18:55
4,36,1/4/2023 18:55
4,37,1/4/2023 18:55
4,38,1/4/2023 18:55
4,39,1/4/2023 18:55
4,40,1/4/2023 18:55
4,41,1/4/2023 18:55
4,42,1/4/2023 18:55
4,43,1/4/2023 18:55
4,44,1/4/2023 18:55
4,45,1/4/2023 18:55
4,46,1/4/2023 18:55
4,47,1/4/2023 18:55
4,48,1/4/2023 18:55
4,49,1/4/2023 18:55
4,50,1/4/2023 18:55
4,51,1/4/2023 18:55
4,52,1/4/2023 18:55
4,53,1/4/2023 18:55
4,54,1/4/2023 18:55
4,55,1/4/2023 18:55
4,56,1/4/2023 18:55
4,57,1/4/2023 18:55
4,58,1/4/2023 18:55
4,59,1/4/2023 18:55
4,60,1/4/2023 18:55
4,61,1/4/2023 18:55
4,62,1/4/2023 18:55
4,63,1/4/2023 18:55
4,64,1/4/2023 18:55
4,65,1/4/2023 18:55
4,66,1/4/2023 18:55
4,67,1/4/2023 18:55
4,68,1/4/2023 18:55
4,69,1/4/2023 18:55
4,70,1/4/2023 18:55
4,71,1/4/2023 18:55
4,72,1/4/2023 18:55
4,73,1/4/2023 18:55
4,74,1/4/2023 18:55
4,75,1/4/2023 18:55
4,76,1/4/2023 18:55
4,77,1/4/2023 18:55
4,78,1/4/2023 18:55
4,79,1/4/2023 18:55
4,80,1/4/2023 18:55
4,81,1/4/2023 18:55
4,82,1/4/2023 18:55
4,83,1/4/2023 18:55
4,84,1/4/2023 18:55
4,85,1/4/2023 18:55
4,86,1/4/2023 18:55
4,87,1/4/2023 18:55
4,88,1/4/2023 18:55
4,89,1/4/2023 18:55
4,90,1/4/2023 18:55
4,91,1/4/2023 18:55
4,92,1/4/2023 18:55
4,93,1/4/2023 18:55
4,94,1/4/2023 18:55
4,95,1/4/2023 18:55
4,96,1/4/2023 18:55
4,97,1/4/2023 18:55
4,98,1/4/2023 18:55
4,99,1/4/2023 18:55
4,100,1/4/2023 18:55
5,1,1/4/2023 18:55
5,2,1/4/2023 18:55
5,3,1/4/2023 18:55
5,4,1/4/2023 18:55
5,6,1/4/2023 18:55
5,7,1/4/2023 18:55
5,8,1/4/2023 18:55
5,9,1/4/2023 18:55
5,10,1/4/2023 18:55
5,11,1/4/2023 18:55
5,12,1/4/2023 18:55
5,13,1/4/2023 18:55
5,14,1/4/2023 18:55
5,15,1/4/2023 18:55
5,16,1/4/2023 18:55
5,17,1/4/2023 18:55
5,18,1/4/2023 18:55
5,19,1/4/2023 18:55
5,20,1/4/2023 18:55
5,21,1/4/2023 18:55
5,22,1/4/2023 18:55
5,23,1/4/2023 18:55
5,24,1/4/2023 18:55
5,25,1/4/2023 18:55
5,26,1/4/2023 18:55
5,27,1/4/2023 18:55
5,28,1/4/2023 18:55
5,29,1/4/2023 18:55
5,30,1/4/2023 18:55
5,31,1/4/2023 18:55
5,32,1/4/2023 18:55
5,33,1/4/2023 18:55
5,34,1/4/2023 18:55
5,35,1/4/2023 18:55
5,36,1/4/2023 18:55
5,37,1/4/2023 18:55
5,38,1/4/2023 18:55
5,39,1/4/2023 18:55
5,40,1/4/2023 18:55
5,41,1/4/2023 18:55
5,42,1/4/2023 18:55
5,43,1/4/2023 18:55
5,44,1/4/2023 18:55
5,45,1/4/2023 18:55
5,46,1/4/2023 18:55
5,47,1/4/2023 18:55
5,48,1/4/2023 18:55
5,49,1/4/2023 18:55
5,50,1/4/2023 18:55
5,51,1/4/2023 18:55
5,52,1/4/2023 18:55
5,53,1/4/2023 18:55
5,54,1/4/2023 18:55
5,55,1/4/2023 18:55
5,56,1/4/2023 18:55
5,57,1/4/2023 18:55
5,58,1/4/2023 18:55
5,59,1/4/2023 18:55
5,60,1/4/2023 18:55
5,61,1/4/2023 18:55
5,62,1/4/2023 18:55
5,63,1/4/2023 18:55
5,64,1/4/2023 18:55
5,65,1/4/2023 18:55
5,66,1/4/2023 18:55
5,67,1/4/2023 18:55
5,68,1/4/2023 18:55
5,69,1/4/2023 18:55
5,70,1/4/2023 18:55
5,71,1/4/2023 18:55
5,72,1/4/2023 18:55
5,73,1/4/2023 18:55
5,74,1/4/2023 18:55
5,75,1/4/2023 18:55
5,76,1/4/2023 18:55
5,77,1/4/2023 18:55
5,78,1/4/2023 18:55
5,79,1/4/2023 18:55
5,80,1/4/2023 18:55
5,81,1/4/2023 18:55
5,82,1/4/2023 18:55
5,83,1/4/2023 18:55
5,84,1/4/2023 18:55
5,85,1/4/2023 18:55
5,86,1/4/2023 18:55
5,87,1/4/2023 18:55
5,88,1/4/2023 18:55
5,89,1/4/2023 18:55
5,90,1/4/2023 18:55
5,91,1/4/2023 18:55
5,92,1/4/2023 18:55
5,93,1/4/2023 18:55
5,94,1/4/2023 18:55
5,95,1/4/2023 18:55
5,96,1/4/2023 18:55
5,97,1/4/2023 18:55
5,98,1/4/2023 18:55
5,99,1/4/2023 18:55
5,100,1/4/2023 18:55
6,1,1/4/2023 18:55
6,2,1/4/2023 18:55
6,3,1/4/2023 18:55
6,4,1/4/2023 18:55
6,5,1/4/2023 18:55
6,7,1/4/2023 18:55
6,8,1/4/2023 18:55
6,9,1/4/2023 18:55
6,10,1/4/2023 18:55
6,11,1/4/2023 18:55
6,12,1/4/2023 18:55
6,13,1/4/2023 18:55
6,14,1/4/2023 18:55
6,15,1/4/2023 18:55
6,16,1/4/2023 18:55
6,17,1/4/2023 18:55
6,18,1/4/2023 18:55
6,19,1/4/2023 18:55
6,20,1/4/2023 18:55
6,21,1/4/2023 18:55
6,22,1/4/2023 18:55
6,23,1/4/2023 18:55
6,24,1/4/2023 18:55
6,25,1/4/2023 18:55
6,26,1/4/2023 18:55
6,27,1/4/2023 18:55
6,28,1/4/2023 18:55
6,29,1/4/2023 18:55
6,30,1/4/2023 18:55
6,31,1/4/2023 18:55
6,32,1/4/2023 18:55
6,33,1/4/2023 18:55
6,34,1/4/2023 18:55
6,35,1/4/2023 18:55
6,36,1/4/2023 18:55
6,37,1/4/2023 18:55
6,38,1/4/2023 18:55
6,39,1/4/2023 18:55
6,40,1/4/2023 18:55
6,41,1/4/2023 18:55
6,42,1/4/2023 18:55
6,43,1/4/2023 18:55
6,44,1/4/2023 18:55
6,45,1/4/2023 18:55
6,46,1/4/2023 18:55
6,47,1/4/2023 18:55
6,48,1/4/2023 18:55
6,49,1/4/2023 18:55
6,50,1/4/2023 18:55
6,51,1/4/2023 18:55
6,52,1/4/2023 18:55
6,53,1/4/2023 18:55
6,54,1/4/2023 18:55
6,55,1/4/2023 18:55
6,56,1/4/2023 18:55
6,57,1/4/2023 18:55
6,58,1/4/2023 18:55
6,59,1/4/2023 18:55
6,60,1/4/2023 18:55
6,61,1/4/2023 18:55
6,62,1/4/2023 18:55
6,63,1/4/2023 18:55
6,64,1/4/2023 18:55
6,65,1/4/2023 18:55
6,66,1/4/2023 18:55
6,67,1/4/2023 18:55
6,68,1/4/2023 18:55
6,69,1/4/2023 18:55
6,70,1/4/2023 18:55
6,71,1/4/2023 18:55
6,72,1/4/2023 18:55
6,73,1/4/2023 18:55
6,74,1/4/2023 18:55
6,75,1/4/2023 18:55
6,76,1/4/2023 18:55
6,77,1/4/2023 18:55
6,78,1/4/2023 18:55
6,79,1/4/2023 18:55
6,80,1/4/2023 18:55
6,81,1/4/2023 18:55
6,82,1/4/2023 18:55
6,83,1/4/2023 18:55
6,84,1/4/2023 18:55
6,85,1/4/2023 18:55
6,86,1/4/2023 18:55
6,87,1/4/2023 18:55
6,88,1/4/2023 18:55
6,89,1/4/2023 18:55
6,90,1/4/2023 18:55
6,91,1/4/2023 18:55
6,92,1/4/2023 18:55
6,93,1/4/2023 18:55
6,94,1/4/2023 18:55
6,95,1/4/2023 18:55
6,96,1/4/2023 18:55
6,97,1/4/2023 18:55
6,98,1/4/2023 18:55
6,99,1/4/2023 18:55
6,100,1/4/2023 18:55
8,1,1/4/2023 18:55
8,2,1/4/2023 18:55
8,3,1/4/2023 18:55
8,4,1/4/2023 18:55
8,5,1/4/2023 18:55
8,6,1/4/2023 18:55
8,7,1/4/2023 18:55
8,9,1/4/2023 18:55
8,10,1/4/2023 18:55
8,11,1/4/2023 18:55
8,12,1/4/2023 18:55
8,13,1/4/2023 18:55
8,14,1/4/2023 18:55
8,15,1/4/2023 18:55
8,16,1/4/2023 18:55
8,17,1/4/2023 18:55
8,18,1/4/2023 18:55
8,19,1/4/2023 18:55
8,20,1/4/2023 18:55
8,21,1/4/2023 18:55
8,22,1/4/2023 18:55
8,23,1/4/2023 18:55
8,24,1/4/2023 18:55
8,25,1/4/2023 18:55
8,26,1/4/2023 18:55
8,27,1/4/2023 18:55
8,28,1/4/2023 18:55
8,29,1/4/2023 18:55
8,30,1/4/2023 18:55
8,31,1/4/2023 18:55
8,32,1/4/2023 18:55
8,33,1/4/2023 18:55
8,34,1/4/2023 18:55
8,35,1/4/2023 18:55
8,36,1/4/2023 18:55
8,37,1/4/2023 18:55
8,38,1/4/2023 18:55
8,39,1/4/2023 18:55
8,40,1/4/2023 18:55
8,41,1/4/2023 18:55
8,42,1/4/2023 18:55
8,43,1/4/2023 18:55
8,44,1/4/2023 18:55
8,45,1/4/2023 18:55
8,46,1/4/2023 18:55
8,47,1/4/2023 18:55
8,48,1/4/2023 18:55
8,49,1/4/2023 18:55
8,50,1/4/2023 18:55
8,51,1/4/2023 18:55
8,52,1/4/2023 18:55
8,53,1/4/2023 18:55
8,54,1/4/2023 18:55
8,55,1/4/2023 18:55
8,56,1/4/2023 18:55
8,57,1/4/2023 18:55
8,58,1/4/2023 18:55
8,59,1/4/2023 18:55
8,60,1/4/2023 18:55
8,61,1/4/2023 18:55
8,62,1/4/2023 18:55
8,63,1/4/2023 18:55
8,64,1/4/2023 18:55
8,65,1/4/2023 18:55
8,66,1/4/2023 18:55
8,67,1/4/2023 18:55
8,68,1/4/2023 18:55
8,69,1/4/2023 18:55
8,70,1/4/2023 18:55
8,71,1/4/2023 18:55
8,72,1/4/2023 18:55
8,73,1/4/2023 18:55
8,74,1/4/2023 18:55
8,75,1/4/2023 18:55
8,76,1/4/2023 18:55
8,77,1/4/2023 18:55
8,78,1/4/2023 18:55
8,79,1/4/2023 18:55
8,80,1/4/2023 18:55
8,81,1/4/2023 18:55
8,82,1/4/2023 18:55
8,83,1/4/2023 18:55
8,84,1/4/2023 18:55
8,85,1/4/2023 18:55
8,86,1/4/2023 18:55
8,87,1/4/2023 18:55
8,88,1/4/2023 18:55
8,89,1/4/2023 18:55
8,90,1/4/2023 18:55
8,91,1/4/2023 18:55
8,92,1/4/2023 18:55
8,93,1/4/2023 18:55
8,94,1/4/2023 18:55
8,95,1/4/2023 18:55
8,96,1/4/2023 18:55
8,97,1/4/2023 18:55
8,98,1/4/2023 18:55
8,99,1/4/2023 18:55
8,100,1/4/2023 18:55
9,1,1/4/2023 18:55
9,2,1/4/2023 18:55
9,3,1/4/2023 18:55
9,4,1/4/2023 18:55
9,5,1/4/2023 18:55
9,6,1/4/2023 18:55
9,7,1/4/2023 18:55
9,8,1/4/2023 18:55
9,10,1/4/2023 18:55
9,11,1/4/2023 18:55
9,12,1/4/2023 18:55
9,13,1/4/2023 18:55
9,14,1/4/2023 18:55
9,15,1/4/2023 18:55
9,16,1/4/2023 18:55
9,17,1/4/2023 18:55
9,18,1/4/2023 18:55
9,19,1/4/2023 18:55
9,20,1/4/2023 18:55
9,21,1/4/2023 18:55
9,22,1/4/2023 18:55
9,23,1/4/2023 18:55
9,24,1/4/2023 18:55
9,25,1/4/2023 18:55
9,26,1/4/2023 18:55
9,27,1/4/2023 18:55
9,28,1/4/2023 18:55
9,29,1/4/2023 18:55
9,30,1/4/2023 18:55
9,31,1/4/2023 18:55
9,32,1/4/2023 18:55
9,33,1/4/2023 18:55
9,34,1/4/2023 18:55
9,35,1/4/2023 18:55
9,36,1/4/2023 18:55
9,37,1/4/2023 18:55
9,38,1/4/2023 18:55
9,39,1/4/2023 18:55
9,40,1/4/2023 18:55
9,41,1/4/2023 18:55
9,42,1/4/2023 18:55
9,43,1/4/2023 18:55
9,44,1/4/2023 18:55
9,45,1/4/2023 18:55
9,46,1/4/2023 18:55
9,47,1/4/2023 18:55
9,48,1/4/2023 18:55
9,49,1/4/2023 18:55
9,50,1/4/2023 18:55
9,51,1/4/2023 18:55
9,52,1/4/2023 18:55
9,53,1/4/2023 18:55
9,54,1/4/2023 18:55
9,55,1/4/2023 18:55
9,56,1/4/2023 18:55
9,57,1/4/2023 18:55
9,58,1/4/2023 18:55
9,59,1/4/2023 18:55
9,60,1/4/2023 18:55
9,61,1/4/2023 18:55
9,62,1/4/2023 18:55
9,63,1/4/2023 18:55
9,64,1/4/2023 18:55
9,65,1/4/2023 18:55
9,66,1/4/2023 18:55
9,67,1/4/2023 18:55
9,68,1/4/2023 18:55
9,69,1/4/2023 18:55
9,70,1/4/2023 18:55
9,71,1/4/2023 18:55
9,72,1/4/2023 18:55
9,73,1/4/2023 18:55
9,74,1/4/2023 18:55
9,75,1/4/2023 18:55
9,76,1/4/2023 18:55
9,77,1/4/2023 18:55
9,78,1/4/2023 18:55
9,79,1/4/2023 18:55
9,80,1/4/2023 18:55
9,81,1/4/2023 18:55
9,82,1/4/2023 18:55
9,83,1/4/2023 18:55
9,84,1/4/2023 18:55
9,85,1/4/2023 18:55
9,86,1/4/2023 18:55
9,87,1/4/2023 18:55
9,88,1/4/2023 18:55
9,89,1/4/2023 18:55
9,90,1/4/2023 18:55
9,91,1/4/2023 18:55
9,92,1/4/2023 18:55
9,93,1/4/2023 18:55
9,94,1/4/2023 18:55
9,95,1/4/2023 18:55
9,96,1/4/2023 18:55
9,97,1/4/2023 18:55
9,98,1/4/2023 18:55
9,99,1/4/2023 18:55
9,100,1/4/2023 18:55
10,1,1/4/2023 18:55
10,2,1/4/2023 18:55
10,3,1/4/2023 18:55
10,4,1/4/2023 18:55
10,5,1/4/2023 18:55
10,6,1/4/2023 18:55
10,7,1/4/2023 18:55
10,8,1/4/2023 18:55
10,9,1/4/2023 18:55
10,11,1/4/2023 18:55
10,12,1/4/2023 18:55
10,13,1/4/2023 18:55
10,14,1/4/2023 18:55
10,15,1/4/2023 18:55
10,16,1/4/2023 18:55
10,17,1/4/2023 18:55
10,18,1/4/2023 18:55
10,19,1/4/2023 18:55
10,20,1/4/2023 18:55
10,21,1/4/2023 18:55
10,22,1/4/2023 18:55
10,23,1/4/2023 18:55
10,24,1/4/2023 18:55
10,25,1/4/2023 18:55
10,26,1/4/2023 18:55
10,27,1/4/2023 18:55
10,28,1/4/2023 18:55
10,29,1/4/2023 18:55
10,30,1/4/2023 18:55
10,31,1/4/2023 18:55
10,32,1/4/2023 18:55
10,33,1/4/2023 18:55
10,34,1/4/2023 18:55
10,35,1/4/2023 18:55
10,36,1/4/2023 18:55
10,37,1/4/2023 18:55
10,38,1/4/2023 18:55
10,39,1/4/2023 18:55
10,40,1/4/2023 18:55
10,41,1/4/2023 18:55
10,42,1/4/2023 18:55
10,43,1/4/2023 18:55
10,44,1/4/2023 18:55
10,45,1/4/2023 18:55
10,46,1/4/2023 18:55
10,47,1/4/2023 18:55
10,48,1/4/2023 18:55
10,49,1/4/2023 18:55
10,50,1/4/2023 18:55
10,51,1/4/2023 18:55
10,52,1/4/2023 18:55
10,53,1/4/2023 18:55
10,54,1/4/2023 18:55
10,55,1/4/2023 18:55
10,56,1/4/2023 18:55
10,57,1/4/2023 18:55
10,58,1/4/2023 18:55
10,59,1/4/2023 18:55
10,60,1/4/2023 18:55
10,61,1/4/2023 18:55
10,62,1/4/2023 18:55
10,63,1/4/2023 18:55
10,64,1/4/2023 18:55
10,65,1/4/2023 18:55
10,66,1/4/2023 18:55
10,67,1/4/2023 18:55
10,68,1/4/2023 18:55
10,69,1/4/2023 18:55
10,70,1/4/2023 18:55
10,71,1/4/2023 18:55
10,72,1/4/2023 18:55
10,73,1/4/2023 18:55
10,74,1/4/2023 18:55
10,75,1/4/2023 18:55
10,76,1/4/2023 18:55
10,77,1/4/2023 18:55
10,78,1/4/2023 18:55
10,79,1/4/2023 18:55
10,80,1/4/2023 18:55
10,81,1/4/2023 18:55
10,82,1/4/2023 18:55
10,83,1/4/2023 18:55
10,84,1/4/2023 18:55
10,85,1/4/2023 18:55
10,86,1/4/2023 18:55
10,87,1/4/2023 18:55
10,88,1/4/2023 18:55
10,89,1/4/2023 18:55
10,90,1/4/2023 18:55
10,91,1/4/2023 18:55
10,92,1/4/2023 18:55
10,93,1/4/2023 18:55
10,94,1/4/2023 18:55
10,95,1/4/2023 18:55
10,96,1/4/2023 18:55
10,97,1/4/2023 18:55
10,98,1/4/2023 18:55
10,99,1/4/2023 18:55
10,100,1/4/2023 18:55
11,1,1/4/2023 18:55
11,2,1/4/2023 18:55
11,3,1/4/2023 18:55
11,4,1/4/2023 18:55
11,5,1/4/2023 18:55
11,6,1/4/2023 18:55
11,7,1/4/2023 18:55
11,8,1/4/2023 18:55
11,9,1/4/2023 18:55
11,10,1/4/2023 18:55
11,12,1/4/2023 18:55
11,13,1/4/2023 18:55
11,14,1/4/2023 18:55
11,15,1/4/2023 18:55
11,16,1/4/2023 18:55
11,17,1/4/2023 18:55
11,18,1/4/2023 18:55
11,19,1/4/2023 18:55
11,20,1/4/2023 18:55
11,21,1/4/2023 18:55
11,22,1/4/2023 18:55
11,23,1/4/2023 18:55
11,24,1/4/2023 18:55
11,25,1/4/2023 18:55
11,26,1/4/2023 18:55
11,27,1/4/2023 18:55
11,28,1/4/2023 18:55
11,29,1/4/2023 18:55
11,30,1/4/2023 18:55
11,31,1/4/2023 18:55
11,32,1/4/2023 18:55
11,33,1/4/2023 18:55
11,34,1/4/2023 18:55
11,35,1/4/2023 18:55
11,36,1/4/2023 18:55
11,37,1/4/2023 18:55
11,38,1/4/2023 18:55
11,39,1/4/2023 18:55
11,40,1/4/2023 18:55
11,41,1/4/2023 18:55
11,42,1/4/2023 18:55
11,43,1/4/2023 18:55
11,44,1/4/2023 18:55
11,45,1/4/2023 18:55
11,46,1/4/2023 18:55
11,47,1/4/2023 18:55
11,48,1/4/2023 18:55
11,49,1/4/2023 18:55
11,50,1/4/2023 18:55
11,51,1/4/2023 18:55
11,52,1/4/2023 18:55
11,53,1/4/2023 18:55
11,54,1/4/2023 18:55
11,55,1/4/2023 18:55
11,56,1/4/2023 18:55
11,57,1/4/2023 18:55
11,58,1/4/2023 18:55
11,59,1/4/2023 18:55
11,60,1/4/2023 18:55
11,61,1/4/2023 18:55
11,62,1/4/2023 18:55
11,63,1/4/2023 18:55
11,64,1/4/2023 18:55
11,65,1/4/2023 18:55
11,66,1/4/2023 18:55
11,67,1/4/2023 18:55
11,68,1/4/2023 18:55
11,69,1/4/2023 18:55
11,70,1/4/2023 18:55
11,71,1/4/2023 18:55
11,72,1/4/2023 18:55
11,73,1/4/2023 18:55
11,74,1/4/2023 18:55
11,75,1/4/2023 18:55
11,76,1/4/2023 18:55
11,77,1/4/2023 18:55
11,78,1/4/2023 18:55
11,79,1/4/2023 18:55
11,80,1/4/2023 18:55
11,81,1/4/2023 18:55
11,82,1/4/2023 18:55
11,83,1/4/2023 18:55
11,84,1/4/2023 18:55
11,85,1/4/2023 18:55
11,86,1/4/2023 18:55
11,87,1/4/2023 18:55
11,88,1/4/2023 18:55
11,89,1/4/2023 18:55
11,90,1/4/2023 18:55
11,91,1/4/2023 18:55
11,92,1/4/2023 18:55
11,93,1/4/2023 18:55
11,94,1/4/2023 18:55
11,95,1/4/2023 18:55
11,96,1/4/2023 18:55
11,97,1/4/2023 18:55
11,98,1/4/2023 18:55
11,99,1/4/2023 18:55
11,100,1/4/2023 18:55
12,1,1/4/2023 18:55
12,2,1/4/2023 18:55
12,3,1/4/2023 18:55
12,4,1/4/2023 18:55
12,5,1/4/2023 18:55
12,6,1/4/2023 18:55
12,7,1/4/2023 18:55
12,8,1/4/2023 18:55
12,9,1/4/2023 18:55
12,10,1/4/2023 18:55
12,11,1/4/2023 18:55
12,13,1/4/2023 18:55
12,14,1/4/2023 18:55
12,15,1/4/2023 18:55
12,16,1/4/2023 18:55
12,17,1/4/2023 18:55
12,18,1/4/2023 18:55
12,19,1/4/2023 18:55
12,20,1/4/2023 18:55
12,21,1/4/2023 18:55
12,22,1/4/2023 18:55
12,23,1/4/2023 18:55
12,24,1/4/2023 18:55
12,25,1/4/2023 18:55
12,26,1/4/2023 18:55
12,27,1/4/2023 18:55
12,28,1/4/2023 18:55
12,29,1/4/2023 18:55
12,30,1/4/2023 18:55
12,31,1/4/2023 18:55
12,32,1/4/2023 18:55
12,33,1/4/2023 18:55
12,34,1/4/2023 18:55
12,35,1/4/2023 18:55
12,36,1/4/2023 18:55
12,37,1/4/2023 18:55
12,38,1/4/2023 18:55
12,39,1/4/2023 18:55
12,40,1/4/2023 18:55
12,41,1/4/2023 18:55
12,42,1/4/2023 18:55
12,43,1/4/2023 18:55
12,44,1/4/2023 18:55
12,45,1/4/2023 18:55
12,46,1/4/2023 18:55
12,47,1/4/2023 18:55
12,48,1/4/2023 18:55
12,49,1/4/2023 18:55
12,50,1/4/2023 18:55
12,51,1/4/2023 18:55
12,52,1/4/2023 18:55
12,53,1/4/2023 18:55
12,54,1/4/2023 18:55
12,55,1/4/2023 18:55
12,56,1/4/2023 18:55
12,57,1/4/2023 18:55
12,58,1/4/2023 18:55
12,59,1/4/2023 18:55
12,60,1/4/2023 18:55
12,61,1/4/2023 18:55
12,62,1/4/2023 18:55
12,63,1/4/2023 18:55
12,64,1/4/2023 18:55
12,65,1/4/2023 18:55
12,66,1/4/2023 18:55
12,67,1/4/2023 18:55
12,68,1/4/2023 18:55
12,69,1/4/2023 18:55
12,70,1/4/2023 18:55
12,71,1/4/2023 18:55
12,72,1/4/2023 18:55
12,73,1/4/2023 18:55
12,74,1/4/2023 18:55
12,75,1/4/2023 18:55
12,76,1/4/2023 18:55
12,77,1/4/2023 18:55
12,78,1/4/2023 18:55
12,79,1/4/2023 18:55
12,80,1/4/2023 18:55
12,81,1/4/2023 18:55
12,82,1/4/2023 18:55
12,83,1/4/2023 18:55
12,84,1/4/2023 18:55
12,85,1/4/2023 18:55
12,86,1/4/2023 18:55
12,87,1/4/2023 18:55
12,88,1/4/2023 18:55
12,89,1/4/2023 18:55
12,90,1/4/2023 18:55
12,91,1/4/2023 18:55
12,92,1/4/2023 18:55
12,93,1/4/2023 18:55
12,94,1/4/2023 18:55
12,95,1/4/2023 18:55
12,96,1/4/2023 18:55
12,97,1/4/2023 18:55
12,98,1/4/2023 18:55
12,99,1/4/2023 18:55
12,100,1/4/2023 18:55
13,1,1/4/2023 18:55
13,2,1/4/2023 18:55
13,3,1/4/2023 18:55
13,4,1/4/2023 18:55
13,5,1/4/2023 18:55
13,6,1/4/2023 18:55
13,7,1/4/2023 18:55
13,8,1/4/2023 18:55
13,9,1/4/2023 18:55
13,10,1/4/2023 18:55
13,11,1/4/2023 18:55
13,12,1/4/2023 18:55
13,14,1/4/2023 18:55
13,15,1/4/2023 18:55
13,16,1/4/2023 18:55
13,17,1/4/2023 18:55
13,18,1/4/2023 18:55
13,19,1/4/2023 18:55
13,20,1/4/2023 18:55
13,21,1/4/2023 18:55
13,22,1/4/2023 18:55
13,23,1/4/2023 18:55
13,24,1/4/2023 18:55
13,25,1/4/2023 18:55
13,26,1/4/2023 18:55
13,27,1/4/2023 18:55
13,28,1/4/2023 18:55
13,29,1/4/2023 18:55
13,30,1/4/2023 18:55
13,31,1/4/2023 18:55
13,32,1/4/2023 18:55
13,33,1/4/2023 18:55
13,34,1/4/2023 18:55
13,35,1/4/2023 18:55
13,36,1/4/2023 18:55
13,37,1/4/2023 18:55
13,38,1/4/2023 18:55
13,39,1/4/2023 18:55
13,40,1/4/2023 18:55
13,41,1/4/2023 18:55
13,42,1/4/2023 18:55
13,43,1/4/2023 18:55
13,44,1/4/2023 18:55
13,45,1/4/2023 18:55
13,46,1/4/2023 18:55
13,47,1/4/2023 18:55
13,48,1/4/2023 18:55
13,49,1/4/2023 18:55
13,50,1/4/2023 18:55
13,51,1/4/2023 18:55
13,52,1/4/2023 18:55
13,53,1/4/2023 18:55
13,54,1/4/2023 18:55
13,55,1/4/2023 18:55
13,56,1/4/2023 18:55
13,57,1/4/2023 18:55
13,58,1/4/2023 18:55
13,59,1/4/2023 18:55
13,60,1/4/2023 18:55
13,61,1/4/2023 18:55
13,62,1/4/2023 18:55
13,63,1/4/2023 18:55
13,64,1/4/2023 18:55
13,65,1/4/2023 18:55
13,66,1/4/2023 18:55
13,67,1/4/2023 18:55
13,68,1/4/2023 18:55
13,69,1/4/2023 18:55
13,70,1/4/2023 18:55
13,71,1/4/2023 18:55
13,72,1/4/2023 18:55
13,73,1/4/2023 18:55
13,74,1/4/2023 18:55
13,75,1/4/2023 18:55
13,76,1/4/2023 18:55
13,77,1/4/2023 18:55
13,78,1/4/2023 18:55
13,79,1/4/2023 18:55
13,80,1/4/2023 18:55
13,81,1/4/2023 18:55
13,82,1/4/2023 18:55
13,83,1/4/2023 18:55
13,84,1/4/2023 18:55
13,85,1/4/2023 18:55
13,86,1/4/2023 18:55
13,87,1/4/2023 18:55
13,88,1/4/2023 18:55
13,89,1/4/2023 18:55
13,90,1/4/2023 18:55
13,91,1/4/2023 18:55
13,92,1/4/2023 18:55
13,93,1/4/2023 18:55
13,94,1/4/2023 18:55
13,95,1/4/2023 18:55
13,96,1/4/2023 18:55
13,97,1/4/2023 18:55
13,98,1/4/2023 18:55
13,99,1/4/2023 18:55
13,100,1/4/2023 18:55
14,1,1/4/2023 18:55
14,2,1/4/2023 18:55
14,3,1/4/2023 18:55
14,4,1/4/2023 18:55
14,5,1/4/2023 18:55
14,6,1/4/2023 18:55
14,7,1/4/2023 18:55
14,8,1/4/2023 18:55
14,9,1/4/2023 18:55
14,10,1/4/2023 18:55
14,11,1/4/2023 18:55
14,12,1/4/2023 18:55
14,13,1/4/2023 18:55
14,15,1/4/2023 18:55
14,16,1/4/2023 18:55
14,17,1/4/2023 18:55
14,18,1/4/2023 18:55
14,19,1/4/2023 18:55
14,20,1/4/2023 18:55
14,21,1/4/2023 18:55
14,22,1/4/2023 18:55
14,23,1/4/2023 18:55
14,24,1/4/2023 18:55
14,25,1/4/2023 18:55
14,26,1/4/2023 18:55
14,27,1/4/2023 18:55
14,28,1/4/2023 18:55
14,29,1/4/2023 18:55
14,30,1/4/2023 18:55
14,31,1/4/2023 18:55
14,32,1/4/2023 18:55
14,33,1/4/2023 18:55
14,34,1/4/2023 18:55
14,35,1/4/2023 18:55
14,36,1/4/2023 18:55
14,37,1/4/2023 18:55
14,38,1/4/2023 18:55
14,39,1/4/2023 18:55
14,40,1/4/2023 18:55
14,41,1/4/2023 18:55
14,42,1/4/2023 18:55
14,43,1/4/2023 18:55
14,44,1/4/2023 18:55
14,45,1/4/2023 18:55
14,46,1/4/2023 18:55
14,47,1/4/2023 18:55
14,48,1/4/2023 18:55
14,49,1/4/2023 18:55
14,50,1/4/2023 18:55
14,51,1/4/2023 18:55
14,52,1/4/2023 18:55
14,53,1/4/2023 18:55
14,54,1/4/2023 18:55
14,55,1/4/2023 18:55
14,56,1/4/2023 18:55
14,57,1/4/2023 18:55
14,58,1/4/2023 18:55
14,59,1/4/2023 18:55
14,60,1/4/2023 18:55
14,61,1/4/2023 18:55
14,62,1/4/2023 18:55
14,63,1/4/2023 18:55
14,64,1/4/2023 18:55
14,65,1/4/2023 18:55
14,66,1/4/2023 18:55
14,67,1/4/2023 18:55
14,68,1/4/2023 18:55
14,69,1/4/2023 18:55
14,70,1/4/2023 18:55
14,71,1/4/2023 18:55
14,72,1/4/2023 18:55
14,73,1/4/2023 18:55
14,74,1/4/2023 18:55
14,75,1/4/2023 18:55
14,76,1/4/2023 18:55
14,77,1/4/2023 18:55
14,78,1/4/2023 18:55
14,79,1/4/2023 18:55
14,80,1/4/2023 18:55
14,81,1/4/2023 18:55
14,82,1/4/2023 18:55
14,83,1/4/2023 18:55
14,84,1/4/2023 18:55
14,85,1/4/2023 18:55
14,86,1/4/2023 18:55
14,87,1/4/2023 18:55
14,88,1/4/2023 18:55
14,89,1/4/2023 18:55
14,90,1/4/2023 18:55
14,91,1/4/2023 18:55
14,92,1/4/2023 18:55
14,93,1/4/2023 18:55
14,94,1/4/2023 18:55
14,95,1/4/2023 18:55
14,96,1/4/2023 18:55
14,97,1/4/2023 18:55
14,98,1/4/2023 18:55
14,99,1/4/2023 18:55
14,100,1/4/2023 18:55
15,1,1/4/2023 18:55
15,2,1/4/2023 18:55
15,3,1/4/2023 18:55
15,4,1/4/2023 18:55
15,5,1/4/2023 18:55
15,6,1/4/2023 18:55
15,7,1/4/2023 18:55
15,8,1/4/2023 18:55
15,9,1/4/2023 18:55
15,10,1/4/2023 18:55
15,11,1/4/2023 18:55
15,12,1/4/2023 18:55
15,13,1/4/2023 18:55
15,14,1/4/2023 18:55
15,16,1/4/2023 18:55
15,17,1/4/2023 18:55
15,18,1/4/2023 18:55
15,19,1/4/2023 18:55
15,20,1/4/2023 18:55
15,21,1/4/2023 18:55
15,22,1/4/2023 18:55
15,23,1/4/2023 18:55
15,24,1/4/2023 18:55
15,25,1/4/2023 18:55
15,26,1/4/2023 18:55
15,27,1/4/2023 18:55
15,28,1/4/2023 18:55
15,29,1/4/2023 18:55
15,30,1/4/2023 18:55
15,31,1/4/2023 18:55
15,32,1/4/2023 18:55
15,33,1/4/2023 18:55
15,34,1/4/2023 18:55
15,35,1/4/2023 18:55
15,36,1/4/2023 18:55
15,37,1/4/2023 18:55
15,38,1/4/2023 18:55
15,39,1/4/2023 18:55
15,40,1/4/2023 18:55
15,41,1/4/2023 18:55
15,42,1/4/2023 18:55
15,43,1/4/2023 18:55
15,44,1/4/2023 18:55
15,45,1/4/2023 18:55
15,46,1/4/2023 18:55
15,47,1/4/2023 18:55
15,48,1/4/2023 18:55
15,49,1/4/2023 18:55
15,50,1/4/2023 18:55
15,51,1/4/2023 18:55
15,52,1/4/2023 18:55
15,53,1/4/2023 18:55
15,54,1/4/2023 18:55
15,55,1/4/2023 18:55
15,56,1/4/2023 18:55
15,57,1/4/2023 18:55
15,58,1/4/2023 18:55
15,59,1/4/2023 18:55
15,60,1/4/2023 18:55
15,61,1/4/2023 18:55
15,62,1/4/2023 18:55
15,63,1/4/2023 18:55
15,64,1/4/2023 18:55
15,65,1/4/2023 18:55
15,66,1/4/2023 18:55
15,67,1/4/2023 18:55
15,68,1/4/2023 18:55
15,69,1/4/2023 18:55
15,70,1/4/2023 18:55
15,71,1/4/2023 18:55
15,72,1/4/2023 18:55
15,73,1/4/2023 18:55
15,74,1/4/2023 18:55
15,75,1/4/2023 18:55
15,76,1/4/2023 18:55
15,77,1/4/2023 18:55
15,78,1/4/2023 18:55
15,79,1/4/2023 18:55
15,80,1/4/2023 18:55
15,81,1/4/2023 18:55
15,82,1/4/2023 18:55
15,83,1/4/2023 18:55
15,84,1/4/2023 18:55
15,85,1/4/2023 18:55
15,86,1/4/2023 18:55
15,87,1/4/2023 18:55
15,88,1/4/2023 18:55
15,89,1/4/2023 18:55
15,90,1/4/2023 18:55
15,91,1/4/2023 18:55
15,92,1/4/2023 18:55
15,93,1/4/2023 18:55
15,94,1/4/2023 18:55
15,95,1/4/2023 18:55
15,96,1/4/2023 18:55
15,97,1/4/2023 18:55
15,98,1/4/2023 18:55
15,99,1/4/2023 18:55
15,100,1/4/2023 18:55
16,1,1/4/2023 18:55
16,2,1/4/2023 18:55
16,3,1/4/2023 18:55
16,4,1/4/2023 18:55
16,5,1/4/2023 18:55
16,6,1/4/2023 18:55
16,7,1/4/2023 18:55
16,8,1/4/2023 18:55
16,9,1/4/2023 18:55
16,10,1/4/2023 18:55
16,11,1/4/2023 18:55
16,12,1/4/2023 18:55
16,13,1/4/2023 18:55
16,14,1/4/2023 18:55
16,15,1/4/2023 18:55
16,17,1/4/2023 18:55
16,18,1/4/2023 18:55
16,19,1/4/2023 18:55
16,20,1/4/2023 18:55
16,21,1/4/2023 18:55
16,22,1/4/2023 18:55
16,23,1/4/2023 18:55
16,24,1/4/2023 18:55
16,25,1/4/2023 18:55
16,26,1/4/2023 18:55
16,27,1/4/2023 18:55
16,28,1/4/2023 18:55
16,29,1/4/2023 18:55
16,30,1/4/2023 18:55
16,31,1/4/2023 18:55
16,32,1/4/2023 18:55
16,33,1/4/2023 18:55
16,34,1/4/2023 18:55
16,35,1/4/2023 18:55
16,36,1/4/2023 18:55
16,37,1/4/2023 18:55
16,38,1/4/2023 18:55
16,39,1/4/2023 18:55
16,40,1/4/2023 18:55
16,41,1/4/2023 18:55
16,42,1/4/2023 18:55
16,43,1/4/2023 18:55
16,44,1/4/2023 18:55
16,45,1/4/2023 18:55
16,46,1/4/2023 18:55
16,47,1/4/2023 18:55
16,48,1/4/2023 18:55
16,49,1/4/2023 18:55
16,50,1/4/2023 18:55
16,51,1/4/2023 18:55
16,52,1/4/2023 18:55
16,53,1/4/2023 18:55
16,54,1/4/2023 18:55
16,55,1/4/2023 18:55
16,56,1/4/2023 18:55
16,57,1/4/2023 18:55
16,58,1/4/2023 18:55
16,59,1/4/2023 18:55
16,60,1/4/2023 18:55
16,61,1/4/2023 18:55
16,62,1/4/2023 18:55
16,63,1/4/2023 18:55
16,64,1/4/2023 18:55
16,65,1/4/2023 18:55
16,66,1/4/2023 18:55
16,67,1/4/2023 18:55
16,68,1/4/2023 18:55
16,69,1/4/2023 18:55
16,70,1/4/2023 18:55
16,71,1/4/2023 18:55
16,72,1/4/2023 18:55
16,73,1/4/2023 18:55
16,74,1/4/2023 18:55
16,75,1/4/2023 18:55
16,76,1/4/2023 18:55
16,77,1/4/2023 18:55
16,78,1/4/2023 18:55
16,79,1/4/2023 18:55
16,80,1/4/2023 18:55
16,81,1/4/2023 18:55
16,82,1/4/2023 18:55
16,83,1/4/2023 18:55
16,84,1/4/2023 18:55
16,85,1/4/2023 18:55
16,86,1/4/2023 18:55
16,87,1/4/2023 18:55
16,88,1/4/2023 18:55
16,89,1/4/2023 18:55
16,90,1/4/2023 18:55
16,91,1/4/2023 18:55
16,92,1/4/2023 18:55
16,93,1/4/2023 18:55
16,94,1/4/2023 18:55
16,95,1/4/2023 18:55
16,96,1/4/2023 18:55
16,97,1/4/2023 18:55
16,98,1/4/2023 18:55
16,99,1/4/2023 18:55
16,100,1/4/2023 18:55
17,1,1/4/2023 18:55
17,2,1/4/2023 18:55
17,3,1/4/2023 18:55
17,4,1/4/2023 18:55
17,5,1/4/2023 18:55
17,6,1/4/2023 18:55
17,7,1/4/2023 18:55
17,8,1/4/2023 18:55
17,9,1/4/2023 18:55
17,10,1/4/2023 18:55
17,11,1/4/2023 18:55
17,12,1/4/2023 18:55
17,13,1/4/2023 18:55
17,14,1/4/2023 18:55
17,15,1/4/2023 18:55
17,16,1/4/2023 18:55
17,18,1/4/2023 18:55
17,19,1/4/2023 18:55
17,20,1/4/2023 18:55
17,21,1/4/2023 18:55
17,22,1/4/2023 18:55
17,23,1/4/2023 18:55
17,24,1/4/2023 18:55
17,25,1/4/2023 18:55
17,26,1/4/2023 18:55
17,27,1/4/2023 18:55
17,28,1/4/2023 18:55
17,29,1/4/2023 18:55
17,30,1/4/2023 18:55
17,31,1/4/2023 18:55
17,32,1/4/2023 18:55
17,33,1/4/2023 18:55
17,34,1/4/2023 18:55
17,35,1/4/2023 18:55
17,36,1/4/2023 18:55
17,37,1/4/2023 18:55
17,38,1/4/2023 18:55
17,39,1/4/2023 18:55
17,40,1/4/2023 18:55
17,41,1/4/2023 18:55
17,42,1/4/2023 18:55
17,43,1/4/2023 18:55
17,44,1/4/2023 18:55
17,45,1/4/2023 18:55
17,46,1/4/2023 18:55
17,47,1/4/2023 18:55
17,48,1/4/2023 18:55
17,49,1/4/2023 18:55
17,50,1/4/2023 18:55
17,51,1/4/2023 18:55
17,52,1/4/2023 18:55
17,53,1/4/2023 18:55
17,54,1/4/2023 18:55
17,55,1/4/2023 18:55
17,56,1/4/2023 18:55
17,57,1/4/2023 18:55
17,58,1/4/2023 18:55
17,59,1/4/2023 18:55
17,60,1/4/2023 18:55
17,61,1/4/2023 18:55
17,62,1/4/2023 18:55
17,63,1/4/2023 18:55
17,64,1/4/2023 18:55
17,65,1/4/2023 18:55
17,66,1/4/2023 18:55
17,67,1/4/2023 18:55
17,68,1/4/2023 18:55
17,69,1/4/2023 18:55
17,70,1/4/2023 18:55
17,71,1/4/2023 18:55
17,72,1/4/2023 18:55
17,73,1/4/2023 18:55
17,74,1/4/2023 18:55
17,75,1/4/2023 18:55
17,76,1/4/2023 18:55
17,77,1/4/2023 18:55
17,78,1/4/2023 18:55
17,79,1/4/2023 18:55
17,80,1/4/2023 18:55
17,81,1/4/2023 18:55
17,82,1/4/2023 18:55
17,83,1/4/2023 18:55
17,84,1/4/2023 18:55
17,85,1/4/2023 18:55
17,86,1/4/2023 18:55
17,87,1/4/2023 18:55
17,88,1/4/2023 18:55
17,89,1/4/2023 18:55
17,90,1/4/2023 18:55
17,91,1/4/2023 18:55
17,92,1/4/2023 18:55
17,93,1/4/2023 18:55
17,94,1/4/2023 18:55
17,95,1/4/2023 18:55
17,96,1/4/2023 18:55
17,97,1/4/2023 18:55
17,98,1/4/2023 18:55
17,99,1/4/2023 18:55
17,100,1/4/2023 18:55
18,1,1/4/2023 18:55
18,2,1/4/2023 18:55
18,3,1/4/2023 18:55
18,4,1/4/2023 18:55
18,5,1/4/2023 18:55
18,6,1/4/2023 18:55
18,7,1/4/2023 18:55
18,8,1/4/2023 18:55
18,9,1/4/2023 18:55
18,10,1/4/2023 18:55
18,11,1/4/2023 18:55
18,12,1/4/2023 18:55
18,13,1/4/2023 18:55
18,14,1/4/2023 18:55
18,15,1/4/2023 18:55
18,16,1/4/2023 18:55
18,17,1/4/2023 18:55
18,19,1/4/2023 18:55
18,20,1/4/2023 18:55
18,21,1/4/2023 18:55
18,22,1/4/2023 18:55
18,23,1/4/2023 18:55
18,24,1/4/2023 18:55
18,25,1/4/2023 18:55
18,26,1/4/2023 18:55
18,27,1/4/2023 18:55
18,28,1/4/2023 18:55
18,29,1/4/2023 18:55
18,30,1/4/2023 18:55
18,31,1/4/2023 18:55
18,32,1/4/2023 18:55
18,33,1/4/2023 18:55
18,34,1/4/2023 18:55
18,35,1/4/2023 18:55
18,36,1/4/2023 18:55
18,37,1/4/2023 18:55
18,38,1/4/2023 18:55
18,39,1/4/2023 18:55
18,40,1/4/2023 18:55
18,41,1/4/2023 18:55
18,42,1/4/2023 18:55
18,43,1/4/2023 18:55
18,44,1/4/2023 18:55
18,45,1/4/2023 18:55
18,46,1/4/2023 18:55
18,47,1/4/2023 18:55
18,48,1/4/2023 18:55
18,49,1/4/2023 18:55
18,50,1/4/2023 18:55
18,51,1/4/2023 18:55
18,52,1/4/2023 18:55
18,53,1/4/2023 18:55
18,54,1/4/2023 18:55
18,55,1/4/2023 18:55
18,56,1/4/2023 18:55
18,57,1/4/2023 18:55
18,58,1/4/2023 18:55
18,59,1/4/2023 18:55
18,60,1/4/2023 18:55
18,61,1/4/2023 18:55
18,62,1/4/2023 18:55
18,63,1/4/2023 18:55
18,64,1/4/2023 18:55
18,65,1/4/2023 18:55
18,66,1/4/2023 18:55
18,67,1/4/2023 18:55
18,68,1/4/2023 18:55
18,69,1/4/2023 18:55
18,70,1/4/2023 18:55
18,71,1/4/2023 18:55
18,72,1/4/2023 18:55
18,73,1/4/2023 18:55
18,74,1/4/2023 18:55
18,75,1/4/2023 18:55
18,76,1/4/2023 18:55
18,77,1/4/2023 18:55
18,78,1/4/2023 18:55
18,79,1/4/2023 18:55
18,80,1/4/2023 18:55
18,81,1/4/2023 18:55
18,82,1/4/2023 18:55
18,83,1/4/2023 18:55
18,84,1/4/2023 18:55
18,85,1/4/2023 18:55
18,86,1/4/2023 18:55
18,87,1/4/2023 18:55
18,88,1/4/2023 18:55
18,89,1/4/2023 18:55
18,90,1/4/2023 18:55
18,91,1/4/2023 18:55
18,92,1/4/2023 18:55
18,93,1/4/2023 18:55
18,94,1/4/2023 18:55
18,95,1/4/2023 18:55
18,96,1/4/2023 18:55
18,97,1/4/2023 18:55
18,98,1/4/2023 18:55
18,99,1/4/2023 18:55
18,100,1/4/2023 18:55
19,1,1/4/2023 18:55
19,2,1/4/2023 18:55
19,3,1/4/2023 18:55
19,4,1/4/2023 18:55
19,5,1/4/2023 18:55
19,6,1/4/2023 18:55
19,7,1/4/2023 18:55
19,8,1/4/2023 18:55
19,9,1/4/2023 18:55
19,10,1/4/2023 18:55
19,11,1/4/2023 18:55
19,12,1/4/2023 18:55
19,13,1/4/2023 18:55
19,14,1/4/2023 18:55
19,15,1/4/2023 18:55
19,16,1/4/2023 18:55
19,17,1/4/2023 18:55
19,18,1/4/2023 18:55
19,20,1/4/2023 18:55
19,21,1/4/2023 18:55
19,22,1/4/2023 18:55
19,23,1/4/2023 18:55
19,24,1/4/2023 18:55
19,25,1/4/2023 18:55
19,26,1/4/2023 18:55
19,27,1/4/2023 18:55
19,28,1/4/2023 18:55
19,29,1/4/2023 18:55
19,30,1/4/2023 18:55
19,31,1/4/2023 18:55
19,32,1/4/2023 18:55
19,33,1/4/2023 18:55
19,34,1/4/2023 18:55
19,35,1/4/2023 18:55
19,36,1/4/2023 18:55
19,37,1/4/2023 18:55
19,38,1/4/2023 18:55
19,39,1/4/2023 18:55
19,40,1/4/2023 18:55
19,41,1/4/2023 18:55
19,42,1/4/2023 18:55
19,43,1/4/2023 18:55
19,44,1/4/2023 18:55
19,45,1/4/2023 18:55
19,46,1/4/2023 18:55
19,47,1/4/2023 18:55
19,48,1/4/2023 18:55
19,49,1/4/2023 18:55
19,50,1/4/2023 18:55
19,51,1/4/2023 18:55
19,52,1/4/2023 18:55
19,53,1/4/2023 18:55
19,54,1/4/2023 18:55
19,55,1/4/2023 18:55
19,56,1/4/2023 18:55
19,57,1/4/2023 18:55
19,58,1/4/2023 18:55
19,59,1/4/2023 18:55
19,60,1/4/2023 18:55
19,61,1/4/2023 18:55
19,62,1/4/2023 18:55
19,63,1/4/2023 18:55
19,64,1/4/2023 18:55
19,65,1/4/2023 18:55
19,66,1/4/2023 18:55
19,67,1/4/2023 18:55
19,68,1/4/2023 18:55
19,69,1/4/2023 18:55
19,70,1/4/2023 18:55
19,71,1/4/2023 18:55
19,72,1/4/2023 18:55
19,73,1/4/2023 18:55
19,74,1/4/2023 18:55
19,75,1/4/2023 18:55
19,76,1/4/2023 18:55
19,77,1/4/2023 18:55
19,78,1/4/2023 18:55
19,79,1/4/2023 18:55
19,80,1/4/2023 18:55
19,81,1/4/2023 18:55
19,82,1/4/2023 18:55
19,83,1/4/2023 18:55
19,84,1/4/2023 18:55
19,85,1/4/2023 18:55
19,86,1/4/2023 18:55
19,87,1/4/2023 18:55
19,88,1/4/2023 18:55
19,89,1/4/2023 18:55
19,90,1/4/2023 18:55
19,91,1/4/2023 18:55
19,92,1/4/2023 18:55
19,93,1/4/2023 18:55
19,94,1/4/2023 18:55
19,95,1/4/2023 18:55
19,96,1/4/2023 18:55
19,97,1/4/2023 18:55
19,98,1/4/2023 18:55
19,99,1/4/2023 18:55
19,100,1/4/2023 18:55
20,1,1/4/2023 18:55
20,2,1/4/2023 18:55
20,3,1/4/2023 18:55
20,4,1/4/2023 18:55
20,5,1/4/2023 18:55
20,6,1/4/2023 18:55
20,7,1/4/2023 18:55
20,8,1/4/2023 18:55
20,9,1/4/2023 18:55
20,10,1/4/2023 18:55
20,11,1/4/2023 18:55
20,12,1/4/2023 18:55
20,13,1/4/2023 18:55
20,14,1/4/2023 18:55
20,15,1/4/2023 18:55
20,16,1/4/2023 18:55
20,17,1/4/2023 18:55
20,18,1/4/2023 18:55
20,19,1/4/2023 18:55
20,21,1/4/2023 18:55
20,22,1/4/2023 18:55
20,23,1/4/2023 18:55
20,24,1/4/2023 18:55
20,25,1/4/2023 18:55
20,26,1/4/2023 18:55
20,27,1/4/2023 18:55
20,28,1/4/2023 18:55
20,29,1/4/2023 18:55
20,30,1/4/2023 18:55
20,31,1/4/2023 18:55
20,32,1/4/2023 18:55
20,33,1/4/2023 18:55
20,34,1/4/2023 18:55
20,35,1/4/2023 18:55
20,36,1/4/2023 18:55
20,37,1/4/2023 18:55
20,38,1/4/2023 18:55
20,39,1/4/2023 18:55
20,40,1/4/2023 18:55
20,41,1/4/2023 18:55
20,42,1/4/2023 18:55
20,43,1/4/2023 18:55
20,44,1/4/2023 18:55
20,45,1/4/2023 18:55
20,46,1/4/2023 18:55
20,47,1/4/2023 18:55
20,48,1/4/2023 18:55
20,49,1/4/2023 18:55
20,50,1/4/2023 18:55
20,51,1/4/2023 18:55
20,52,1/4/2023 18:55
20,53,1/4/2023 18:55
20,54,1/4/2023 18:55
20,55,1/4/2023 18:55
20,56,1/4/2023 18:55
20,57,1/4/2023 18:55
20,58,1/4/2023 18:55
20,59,1/4/2023 18:55
20,60,1/4/2023 18:55
20,61,1/4/2023 18:55
20,62,1/4/2023 18:55
20,63,1/4/2023 18:55
20,64,1/4/2023 18:55
20,65,1/4/2023 18:55
20,66,1/4/2023 18:55
20,67,1/4/2023 18:55
20,68,1/4/2023 18:55
20,69,1/4/2023 18:55
20,70,1/4/2023 18:55
20,71,1/4/2023 18:55
20,72,1/4/2023 18:55
20,73,1/4/2023 18:55
20,74,1/4/2023 18:55
20,75,1/4/2023 18:55
20,76,1/4/2023 18:55
20,77,1/4/2023 18:55
20,78,1/4/2023 18:55
20,79,1/4/2023 18:55
20,80,1/4/2023 18:55
20,81,1/4/2023 18:55
20,82,1/4/2023 18:55
20,83,1/4/2023 18:55
20,84,1/4/2023 18:55
20,85,1/4/2023 18:55
20,86,1/4/2023 18:55
20,87,1/4/2023 18:55
20,88,1/4/2023 18:55
20,89,1/4/2023 18:55
20,90,1/4/2023 18:55
20,91,1/4/2023 18:55
20,92,1/4/2023 18:55
20,93,1/4/2023 18:55
20,94,1/4/2023 18:55
20,95,1/4/2023 18:55
20,96,1/4/2023 18:55
20,97,1/4/2023 18:55
20,98,1/4/2023 18:55
20,99,1/4/2023 18:55
20,100,1/4/2023 18:55
21,1,1/4/2023 18:55
21,2,1/4/2023 18:55
21,3,1/4/2023 18:55
21,4,1/4/2023 18:55
21,5,1/4/2023 18:55
21,6,1/4/2023 18:55
21,7,1/4/2023 18:55
21,8,1/4/2023 18:55
21,9,1/4/2023 18:55
21,10,1/4/2023 18:55
21,11,1/4/2023 18:55
21,12,1/4/2023 18:55
21,13,1/4/2023 18:55
21,14,1/4/2023 18:55
21,15,1/4/2023 18:55
21,16,1/4/2023 18:55
21,17,1/4/2023 18:55
21,18,1/4/2023 18:55
21,19,1/4/2023 18:55
21,20,1/4/2023 18:55
21,22,1/4/2023 18:55
21,23,1/4/2023 18:55
21,24,1/4/2023 18:55
21,25,1/4/2023 18:55
21,26,1/4/2023 18:55
21,27,1/4/2023 18:55
21,28,1/4/2023 18:55
21,29,1/4/2023 18:55
21,30,1/4/2023 18:55
21,31,1/4/2023 18:55
21,32,1/4/2023 18:55
21,33,1/4/2023 18:55
21,34,1/4/2023 18:55
21,35,1/4/2023 18:55
21,36,1/4/2023 18:55
21,37,1/4/2023 18:55
21,38,1/4/2023 18:55
21,39,1/4/2023 18:55
21,40,1/4/2023 18:55
21,41,1/4/2023 18:55
21,42,1/4/2023 18:55
21,43,1/4/2023 18:55
21,44,1/4/2023 18:55
21,45,1/4/2023 18:55
21,46,1/4/2023 18:55
21,47,1/4/2023 18:55
21,48,1/4/2023 18:55
21,49,1/4/2023 18:55
21,50,1/4/2023 18:55
21,51,1/4/2023 18:55
21,52,1/4/2023 18:55
21,53,1/4/2023 18:55
21,54,1/4/2023 18:55
21,55,1/4/2023 18:55
21,56,1/4/2023 18:55
21,57,1/4/2023 18:55
21,58,1/4/2023 18:55
21,59,1/4/2023 18:55
21,60,1/4/2023 18:55
21,61,1/4/2023 18:55
21,62,1/4/2023 18:55
21,63,1/4/2023 18:55
21,64,1/4/2023 18:55
21,65,1/4/2023 18:55
21,66,1/4/2023 18:55
21,67,1/4/2023 18:55
21,68,1/4/2023 18:55
21,69,1/4/2023 18:55
21,70,1/4/2023 18:55
21,71,1/4/2023 18:55
21,72,1/4/2023 18:55
21,73,1/4/2023 18:55
21,74,1/4/2023 18:55
21,75,1/4/2023 18:55
21,76,1/4/2023 18:55
21,77,1/4/2023 18:55
21,78,1/4/2023 18:55
21,79,1/4/2023 18:55
21,80,1/4/2023 18:55
21,81,1/4/2023 18:55
21,82,1/4/2023 18:55
21,83,1/4/2023 18:55
21,84,1/4/2023 18:55
21,85,1/4/2023 18:55
21,86,1/4/2023 18:55
21,87,1/4/2023 18:55
21,88,1/4/2023 18:55
21,89,1/4/2023 18:55
21,90,1/4/2023 18:55
21,91,1/4/2023 18:55
21,92,1/4/2023 18:55
21,93,1/4/2023 18:55
21,94,1/4/2023 18:55
21,95,1/4/2023 18:55
21,96,1/4/2023 18:55
21,97,1/4/2023 18:55
21,98,1/4/2023 18:55
21,99,1/4/2023 18:55
21,100,1/4/2023 18:55
22,1,1/4/2023 18:55
22,2,1/4/2023 18:55
22,3,1/4/2023 18:55
22,4,1/4/2023 18:55
22,5,1/4/2023 18:55
22,6,1/4/2023 18:55
22,7,1/4/2023 18:55
22,8,1/4/2023 18:55
22,9,1/4/2023 18:55
22,10,1/4/2023 18:55
22,11,1/4/2023 18:55
22,12,1/4/2023 18:55
22,13,1/4/2023 18:55
22,14,1/4/2023 18:55
22,15,1/4/2023 18:55
22,16,1/4/2023 18:55
22,17,1/4/2023 18:55
22,18,1/4/2023 18:55
22,19,1/4/2023 18:55
22,20,1/4/2023 18:55
22,21,1/4/2023 18:55
22,23,1/4/2023 18:55
22,24,1/4/2023 18:55
22,25,1/4/2023 18:55
22,26,1/4/2023 18:55
22,27,1/4/2023 18:55
22,28,1/4/2023 18:55
22,29,1/4/2023 18:55
22,30,1/4/2023 18:55
22,31,1/4/2023 18:55
22,32,1/4/2023 18:55
22,33,1/4/2023 18:55
22,34,1/4/2023 18:55
22,35,1/4/2023 18:55
22,36,1/4/2023 18:55
22,37,1/4/2023 18:55
22,38,1/4/2023 18:55
22,39,1/4/2023 18:55
22,40,1/4/2023 18:55
22,41,1/4/2023 18:55
22,42,1/4/2023 18:55
22,43,1/4/2023 18:55
22,44,1/4/2023 18:55
22,45,1/4/2023 18:55
22,46,1/4/2023 18:55
22,47,1/4/2023 18:55
22,48,1/4/2023 18:55
22,49,1/4/2023 18:55
22,50,1/4/2023 18:55
22,51,1/4/2023 18:55
22,52,1/4/2023 18:55
22,53,1/4/2023 18:55
22,54,1/4/2023 18:55
22,55,1/4/2023 18:55
22,56,1/4/2023 18:55
22,57,1/4/2023 18:55
22,58,1/4/2023 18:55
22,59,1/4/2023 18:55
22,60,1/4/2023 18:55
22,61,1/4/2023 18:55
22,62,1/4/2023 18:55
22,63,1/4/2023 18:55
22,64,1/4/2023 18:55
22,65,1/4/2023 18:55
22,66,1/4/2023 18:55
22,67,1/4/2023 18:55
22,68,1/4/2023 18:55
22,69,1/4/2023 18:55
22,70,1/4/2023 18:55
22,71,1/4/2023 18:55
22,72,1/4/2023 18:55
22,73,1/4/2023 18:55
22,74,1/4/2023 18:55
22,75,1/4/2023 18:55
22,76,1/4/2023 18:55
22,77,1/4/2023 18:55
22,78,1/4/2023 18:55
22,79,1/4/2023 18:55
22,80,1/4/2023 18:55
22,81,1/4/2023 18:55
22,82,1/4/2023 18:55
22,83,1/4/2023 18:55
22,84,1/4/2023 18:55
22,85,1/4/2023 18:55
22,86,1/4/2023 18:55
22,87,1/4/2023 18:55
22,88,1/4/2023 18:55
22,89,1/4/2023 18:55
22,90,1/4/2023 18:55
22,91,1/4/2023 18:55
22,92,1/4/2023 18:55
22,93,1/4/2023 18:55
22,94,1/4/2023 18:55
22,95,1/4/2023 18:55
22,96,1/4/2023 18:55
22,97,1/4/2023 18:55
22,98,1/4/2023 18:55
22,99,1/4/2023 18:55
22,100,1/4/2023 18:55
24,1,1/4/2023 18:55
24,2,1/4/2023 18:55
24,3,1/4/2023 18:55
24,4,1/4/2023 18:55
24,5,1/4/2023 18:55
24,6,1/4/2023 18:55
24,7,1/4/2023 18:55
24,8,1/4/2023 18:55
24,9,1/4/2023 18:55
24,10,1/4/2023 18:55
24,11,1/4/2023 18:55
24,12,1/4/2023 18:55
24,13,1/4/2023 18:55
24,14,1/4/2023 18:55
24,15,1/4/2023 18:55
24,16,1/4/2023 18:55
24,17,1/4/2023 18:55
24,18,1/4/2023 18:55
24,19,1/4/2023 18:55
24,20,1/4/2023 18:55
